"locality","CAT_sp","N_total","N_parasitized","N_par_species","parasitism_rate"
"Elem","Acontiinae sp. AAG0292",1,0,0,0
"Elem","Addaea nr. probolopsis",1,0,0,0
"Elem","Addaea pusilla",124,9,3,0.0725806451612903
"Elem","Adoxophyes fasciculana",3,0,0,0
"Elem","Adoxophyes sp. AAA9592",5,0,0,0
"Elem","Adoxophyes sp. AAB5052",2,0,0,0
"Elem","Adoxophyes templana complex",1,0,0,0
"Elem","Adoxophyes thoracica",3,0,0,0
"Elem","Adoxophyes tripselia",29,1,1,0.0344827586206897
"Elem","Agriophara sp. AAD4602",2,0,0,0
"Elem","Agrotera ignepictoides",1,0,0,0
"Elem","Agrotera nr. effertalis",4,0,0,0
"Elem","Albinospila sp. AAB0430",20,0,0,0
"Elem","Albinospila sp. AAB0431",1,0,0,0
"Elem","Albinospila sp. AAB0432",7,0,0,0
"Elem","Albinospila syntyche",6,0,0,0
"Elem","Arctornis sp.1 SEM-2008 nr. intacta",3,0,0,0
"Elem","Arctornis sp.2 SEM-2008 nr. intacta",1,0,0,0
"Elem","Arna nr. galactopis",2,0,0,0
"Elem","Asota eusemioides",10,0,0,0
"Elem","Brenthia sp. AAC1202",3,0,0,0
"Elem","Brenthia sp. AAC1206",14,4,2,0.285714285714286
"Elem","Brenthia sp. AAI3833",2,0,0,0
"Elem","Brenthia sp. JR22",19,0,0,0
"Elem","Brenthia sp. JR24",2,0,0,0
"Elem","Brenthia sp. JR32",11,3,1,0.272727272727273
"Elem","Brenthia sp. JR34",59,13,6,0.220338983050847
"Elem","Brenthia sp. JR37",1,0,0,0
"Elem","Brenthia sp. JR53",6,0,0,0
"Elem","Brenthia sp. JR54",114,35,8,0.307017543859649
"Elem","Brenthia sp. JR62",23,4,2,0.173913043478261
"Elem","Catoria delectaria",1,0,0,0
"Elem","Chora huntei",12,0,0,0
"Elem","Choreutis basalis",31,4,2,0.129032258064516
"Elem","Choreutis cf. anthorma",87,24,5,0.275862068965517
"Elem","Choreutis lutescens",14,3,3,0.214285714285714
"Elem","Choreutis sp. JR09",1,0,0,0
"Elem","Choreutis sp. JR2",12,0,0,0
"Elem","Choreutis sp. JR5",3,0,0,0
"Elem","Choreutis tricyanitis",2,0,0,0
"Elem","Chrysocraspeda praegriseata",3,0,0,0
"Elem","Chrysocraspeda sp. AAC8547",1,0,0,0
"Elem","Cirrhochrista xanthographis",1,0,0,0
"Elem","Cleora repetita",1,0,0,0
"Elem","Coelorhyncidia nitidalis",8,0,0,0
"Elem","Cryptoblabes sp. AAG0395",3,0,0,0
"Elem","Cyrestis acilia",12,0,0,0
"Elem","Dichomeris n. sp. nr. ochreoviridella",85,4,4,0.0470588235294118
"Elem","Dichomeris ochreoviridella",10,0,0,0
"Elem","Dichomeris sp. XXXX068",137,2,1,0.0145985401459854
"Elem","Dizuga recusataria",101,0,0,0
"Elem","Euploea leucostictos",4,0,0,0
"Elem","Gauna phaealis",1,0,0,0
"Elem","Gelechiidae sp. AAL8352",1,0,0,0
"Elem","Gelechioidea sp.XXXX126",1,0,0,0
"Elem","Geometridae sp.GEOM056",1,1,1,1
"Elem","Glyphodes margaritaria",20,3,3,0.15
"Elem","Glyphodes pseudocaesalis",1,0,0,0
"Elem","Gymnasura sp. USNM2",1,0,0,0
"Elem","Holocola n. sp. AAC7734",8,0,0,0
"Elem","Homodes iomolybda",1,0,0,0
"Elem","Hydroclada antigona",1,0,0,0
"Elem","Hypatima discissa",2,0,0,0
"Elem","Hyposidra incomptaria",3,0,0,0
"Elem","Idiophantis n. sp. AAB7063",13,0,0,0
"Elem","Idiophantis sp. XXXX124",1,0,0,0
"Elem","Imma sp. AAL8336",1,0,0,0
"Elem","Jodis albifusa",29,0,0,0
"Elem","Jodis sp. AAE5694",4,0,0,0
"Elem","Lepidoptera sp.XXXX128",1,0,0,0
"Elem","Macroglossum melas pullius",12,0,0,0
"Elem","Macrothyma sanguinolenta",1,0,0,0
"Elem","Mambara sp. AAK7402",1,0,0,0
"Elem","Mecistoptera franzwagneri",1,0,0,0
"Elem","Mecistoptera n. sp. AAB6947",1,0,0,0
"Elem","Mecistoptera sophiewagnerae",2,1,1,0.5
"Elem","Meekiaria purpurea",70,2,2,0.0285714285714286
"Elem","Meekiaria sp. AAA3374",79,3,2,0.0379746835443038
"Elem","Meekiaria sp. AAA3375",4,0,0,0
"Elem","Meekiaria sp. AAA3376",3,0,0,0
"Elem","Meekiaria sp. AAA3380",6,0,0,0
"Elem","Mellea hieroglyphica",3,0,0,0
"Elem","Mellea nitida",36,4,2,0.111111111111111
"Elem","Mellea ordinaria complex",11,0,0,0
"Elem","Mellea sp. AAA9701",3,0,0,0
"Elem","Mellea sp. AAI1456",13,1,1,0.0769230769230769
"Elem","Mellea sp. AAI1458",7,1,1,0.142857142857143
"Elem","Moca congrualis",3,0,0,0
"Elem","Nacaduba berenice",1,0,0,0
"Elem","Noctuidae sp. AAG0293",1,0,0,0
"Elem","Noctuidae sp.NOCT097",1,0,0,0
"Elem","Noctuidae sp.NOCT100",1,0,0,0
"Elem","Nycteola indicatana",4,0,0,0
"Elem","Nycteola n. sp. AAB7439",1,0,0,0
"Elem","Nycteola nr. pseudoindica",7,0,0,0
"Elem","Oenospila sp. AAB6770",1,0,0,0
"Elem","Ophiorrhabda deceptor",79,3,3,0.0379746835443038
"Elem","Ophyx crinipes",19,7,1,0.368421052631579
"Elem","Paraphomia disjuncta",52,1,1,0.0192307692307692
"Elem","Parotis hilaralis",3,0,0,0
"Elem","Peritornenta sp. AAL8315",1,0,0,0
"Elem","Pharambara splendida",22,0,0,0
"Elem","Philiris helena",22,5,3,0.227272727272727
"Elem","Philiris moira",31,3,1,0.0967741935483871
"Elem","Pseudodirades nr. alabastraria",1,0,0,0
"Elem","Rhodoneura aurata",40,0,0,0
"Elem","Scopelodes nitens",1,0,0,0
"Elem","Scythropiodes sp. AAD9083",1,0,0,0
"Elem","Syntomaula n sp",1,0,0,0
"Elem","Talanga deliciosa",12,3,3,0.25
"Elem","Talanga excelsalis",173,19,5,0.109826589595376
"Elem","Talanga polyzonalis",8,0,0,0
"Elem","Talanga sexpunctalis complex",26,0,0,0
"Elem","Tamba kebea",20,5,2,0.25
"Elem","Tamba sp. AAH0984",1,0,0,0
"Elem","Targalla palliatrix",1,0,0,0
"Elem","Tortricidae sp.TORT175",1,0,0,0
"Elem","Unadophanes trissomita",23,2,1,0.0869565217391304
"Elem","Xenolepis neoguineana",22,0,0,0
"Elem","Xenothictis gnetivora",10,0,0,0
"Elem","Xylinophylla maculata",2,0,0,0
"Elem","nr. Peritornenta sp. XXXX127",1,0,0,0
"Morox","Addaea heliopsamma",1,0,0,0
"Morox","Addaea nr. probolopsis",106,15,8,0.141509433962264
"Morox","Addaea pusilla",118,13,5,0.110169491525424
"Morox","Addaea sp. AAL8409",1,0,0,0
"Morox","Addaea syndesma",2,0,0,0
"Morox","Adoxophyes fasciculana",17,0,0,0
"Morox","Adoxophyes sp. AAA9592",40,0,0,0
"Morox","Adoxophyes sp. AAB5052",26,1,1,0.0384615384615385
"Morox","Adoxophyes templana complex",6,0,0,0
"Morox","Adoxophyes thoracica",11,0,0,0
"Morox","Adoxophyes tripselia",16,0,0,0
"Morox","Agrotera genuflexa",45,14,6,0.311111111111111
"Morox","Agrotera ignepictoides",31,11,7,0.354838709677419
"Morox","Agrotera nr. effertalis",33,12,6,0.363636363636364
"Morox","Agrotera sp. AAJ7071",1,0,0,0
"Morox","Albinospila sp. AAB0430",7,0,0,0
"Morox","Albinospila sp. AAB0431",1,0,0,0
"Morox","Albinospila syntyche",2,0,0,0
"Morox","Arctornis sp. AAE6183",1,0,0,0
"Morox","Arctornis sp.1 SEM-2008 nr. intacta",68,10,6,0.147058823529412
"Morox","Arctornis sp.2 SEM-2008 nr. intacta",9,1,1,0.111111111111111
"Morox","Arctornis sp.3 SEM-2008 nr. intacta",16,2,2,0.125
"Morox","Arctornis sp.4 SEM-2008 nr. intacta",1,0,0,0
"Morox","Arhopala sp. AAC8740",2,0,0,0
"Morox","Arhopala sp. AAC8743",1,0,0,0
"Morox","Arhopala sp. ABZ4430",4,0,0,0
"Morox","Barasa cymatistis",2,0,0,0
"Morox","Berta albiplaga",1,0,0,0
"Morox","Brenthia sp. AAF6821",21,0,0,0
"Morox","Brenthia sp. AAI3833",5,1,1,0.2
"Morox","Brenthia sp. AAI3835",22,3,1,0.136363636363636
"Morox","Brenthia sp. AAL5584",10,0,0,0
"Morox","Brenthia sp. JR22",11,0,0,0
"Morox","Brenthia sp. JR24",10,0,0,0
"Morox","Brenthia sp. JR32",1,0,0,0
"Morox","Brenthia sp. JR34",15,0,0,0
"Morox","Brenthia sp. JR37",228,41,5,0.179824561403509
"Morox","Brenthia sp. JR54",65,15,7,0.230769230769231
"Morox","Brenthia sp. JR62",102,25,5,0.245098039215686
"Morox","Cathyalia sp. AAG0397",2,0,0,0
"Morox","Chaetocneme lunula",1,0,0,0
"Morox","Chalcidoptera emissalis",1,0,0,0
"Morox","Chamaita sp. AAE1114",1,0,0,0
"Morox","Chora ekeikei",1,0,0,0
"Morox","Chora huntei",3,0,0,0
"Morox","Choreutis basalis",1,0,0,0
"Morox","Choreutis cf. anthorma",48,24,13,0.5
"Morox","Choreutis lutescens",124,25,12,0.201612903225806
"Morox","Choreutis tricyanitis",2,0,0,0
"Morox","Cirrhochrista xanthographis",1,0,0,0
"Morox","Cleora repetita",1,0,0,0
"Morox","Coelorhyncidia nitidalis",82,20,10,0.24390243902439
"Morox","Crambidae sp.CRAM097",1,0,0,0
"Morox","Cyclophora sp. AAF7884",1,0,0,0
"Morox","Cyrestis acilia",1,0,0,0
"Morox","Delonoma pyrrhoplecta",1,0,0,0
"Morox","Dichomeris n. sp. nr. ochreoviridella",143,4,3,0.027972027972028
"Morox","Dichomeris ochreoviridella",55,0,0,0
"Morox","Dichomeris sp. AAB2697",1,0,0,0
"Morox","Dichomeris sp. AAI6257",1,0,0,0
"Morox","Dichomeris sp. XXXX068",120,26,10,0.216666666666667
"Morox","Dichomeris sp. XXXX120",5,0,0,0
"Morox","Dizuga recusataria",162,0,0,0
"Morox","Dudua sp. AAB0663",70,6,3,0.0857142857142857
"Morox","Eilema plana",1,0,0,0
"Morox","Eucyclodes albilauta",1,0,0,0
"Morox","Eucyclodes sp. ACF0440",2,0,0,0
"Morox","Gabala australiata",1,0,0,0
"Morox","Geometridae sp.GEOM163",1,0,0,0
"Morox","Glyphodes canthusalis",3,0,0,0
"Morox","Glyphodes margaritaria",2,0,0,0
"Morox","Haritalodes sp. AAB8316",2,0,0,0
"Morox","Heterocnephes scapulalis",1,0,0,0
"Morox","Homodes iomolybda",2,0,0,0
"Morox","Homona aestivana",3,0,0,0
"Morox","Homona auriga",2,0,0,0
"Morox","Homona mermerodes",8,0,0,0
"Morox","Homona spargotis",1,0,0,0
"Morox","Hypomecis infaustaria",1,0,0,0
"Morox","Hyposidra talaca",3,0,0,0
"Morox","Idiophantis n. sp. AAB7063",11,0,0,0
"Morox","Imma monastica",3,0,0,0
"Morox","Imma sp. AAD4328",2,0,0,0
"Morox","Imma sp. AAD4329",1,0,0,0
"Morox","Immidae sp. OECO005",2,0,0,0
"Morox","Isotenes sp. AAC7573",1,0,0,0
"Morox","Isotenes sp. AAC7575",2,0,0,0
"Morox","Jodis albifusa",2,0,0,0
"Morox","Lambula sp. USNM5",1,0,0,0
"Morox","Luxiaria undulataria plumbocaerula",2,0,0,0
"Morox","Lymantriidae sp.LYMA077",1,0,0,0
"Morox","Macroglossum melas pullius",1,0,0,0
"Morox","Mecistoptera franzwagneri",1,0,0,0
"Morox","Mecistoptera n. sp. AAB6947",1,0,0,0
"Morox","Meekiaria nigriscriptalis",4,1,1,0.25
"Morox","Meekiaria purpurea",40,10,4,0.25
"Morox","Meekiaria sp. AAA3374",128,32,8,0.25
"Morox","Meekiaria sp. AAA3375",5,1,1,0.2
"Morox","Meekiaria sp. AAA3376",1,0,0,0
"Morox","Meekiaria sp. AAA3379",1,0,0,0
"Morox","Meekiaria sp. AAJ1732",2,1,1,0.5
"Morox","Meekiaria sp. CRAM151",1,0,0,0
"Morox","Mellea hieroglyphica",92,13,7,0.141304347826087
"Morox","Mellea nitida",105,11,6,0.104761904761905
"Morox","Mellea ordinaria complex",38,7,5,0.184210526315789
"Morox","Mellea ramifera",115,16,5,0.139130434782609
"Morox","Mellea rectiviata",3,0,0,0
"Morox","Mellea sp. 1 nr. ordinaria",17,2,2,0.117647058823529
"Morox","Mellea sp. AAA9701",10,2,2,0.2
"Morox","Mellea sp. AAI1457",1,0,0,0
"Morox","Mellea sp. AAI1460",3,1,1,0.333333333333333
"Morox","Mellea sp. AAI1461",7,1,1,0.142857142857143
"Morox","Moca congrualis",27,0,0,0
"Morox","Nolidae sp.TORT194",1,0,0,0
"Morox","Notarcha sp. ACE6204",1,0,0,0
"Morox","Nudaria sp. USNM2",1,0,0,0
"Morox","Nycteola indicatana",23,0,0,0
"Morox","Nycteola n. sp. AAB7439",7,0,0,0
"Morox","Oecophoridae sp. AAH7348",1,0,0,0
"Morox","Oenospila sp. AAB6770",56,0,0,0
"Morox","Olene nr. mendosa",1,0,0,0
"Morox","Omiodes lasiocnemis",1,0,0,0
"Morox","Ophiorrhabda deceptor",62,3,3,0.0483870967741935
"Morox","Ophyx crinipes",3,1,1,0.333333333333333
"Morox","Orthaga melanoperalis",1,0,0,0
"Morox","Orthaga nr. percnodes",15,6,4,0.4
"Morox","Orvasca sp. AAD8421",1,0,0,0
"Morox","Paradromulia sp. AAC7920",1,0,0,0
"Morox","Parilyrgis intacta",1,0,0,0
"Morox","Perixera sp. AAI2525",1,0,0,0
"Morox","Pharambara splendida",387,5,2,0.0129198966408269
"Morox","Philiris helena",13,3,2,0.230769230769231
"Morox","Philiris moira",2,0,0,0
"Morox","Philiris sp. AAF6866",9,4,3,0.444444444444444
"Morox","Pingasa chlora",2,0,0,0
"Morox","Pleuroptya nr. sabinusalis",1,0,0,0
"Morox","Pseudocera nr. trissosticha",19,0,0,0
"Morox","Pseudocera sp. AAB1481",5,0,0,0
"Morox","Pycnozancla sp. AAE8365",6,0,0,0
"Morox","Rhodoneura aurata",178,11,6,0.0617977528089888
"Morox","Roeselia hemizona",2,0,0,0
"Morox","Saptha cf. exanthista",3,0,0,0
"Morox","Selepa discigera",1,0,0,0
"Morox","Striglina asinina",1,0,0,0
"Morox","Striglina cinnamomea",2,0,0,0
"Morox","Syllepte solilucis",1,0,0,0
"Morox","Talanga excelsalis",139,21,10,0.151079136690647
"Morox","Talanga polyzonalis",11,0,0,0
"Morox","Talanga sexpunctalis complex",6,0,0,0
"Morox","Tamba kebea",1,1,1,1
"Morox","Tamba sp. NOCT125",1,0,0,0
"Morox","Targalla palliatrix",10,1,1,0.1
"Morox","Targalla subocellata",1,0,0,0
"Morox","Teldenia sp. GEOM165",1,0,0,0
"Morox","Thosea monoloncha?",1,0,0,0
"Morox","Unadophanes trissomita",112,9,7,0.0803571428571429
"Morox","Xenolepis neoguineana",7,0,0,0
"Morox","Xenolepis sp. AAG0327",4,0,0,0
"Morox","Xenothictis gnetivora",7,2,2,0.285714285714286
"Morox","Zygaenosia sp. USNM1",1,0,0,0
"Niksek","Addaea nr. probolopsis",12,12,5,1
"Niksek","Addaea pusilla",111,15,6,0.135135135135135
"Niksek","Adoxophyes sp. AAA9592",2,0,0,0
"Niksek","Adoxophyes sp. AAB5052",1,0,0,0
"Niksek","Adoxophyes templana complex",2,0,0,0
"Niksek","Adoxophyes thoracica",15,0,0,0
"Niksek","Adoxophyes tripselia",9,1,1,0.111111111111111
"Niksek","Agrotera genuflexa",12,0,0,0
"Niksek","Agrotera ignepictoides",2,0,0,0
"Niksek","Agrotera nr. effertalis",7,1,1,0.142857142857143
"Niksek","Albinospila sp. AAB0430",13,0,0,0
"Niksek","Albinospila sp. AAB0431",3,0,0,0
"Niksek","Albinospila sp. AAB0432",2,0,0,0
"Niksek","Arctornis sp.1 SEM-2008 nr. intacta",11,0,0,0
"Niksek","Arctornis sp.3 SEM-2008 nr. intacta",16,2,1,0.125
"Niksek","Arctornis sp.4 SEM-2008 nr. intacta",2,0,0,0
"Niksek","Asota caricae",219,146,10,0.666666666666667
"Niksek","Asota plana",20,5,3,0.25
"Niksek","Brenthia JR39",4,0,0,0
"Niksek","Brenthia sp. JR32",2,1,1,0.5
"Niksek","Brenthia sp. JR54",9,4,4,0.444444444444444
"Niksek","Brenthia sp. JR62",3,0,0,0
"Niksek","Catoria delectaria",1,0,0,0
"Niksek","Choreutidae sp. TORT179",2,0,0,0
"Niksek","Choreutis basalis",157,30,8,0.191082802547771
"Niksek","Choreutis cf. anthorma",133,54,11,0.406015037593985
"Niksek","Choreutis lutescens",76,9,5,0.118421052631579
"Niksek","Choreutis sp. JR06",16,1,1,0.0625
"Niksek","Choreutis sp. JR2",24,1,1,0.0416666666666667
"Niksek","Choreutis sp. JR5",75,5,3,0.0666666666666667
"Niksek","Chrysoscota vagivitta",1,0,0,0
"Niksek","Cleora repetita",2,0,0,0
"Niksek","Crambidae sp.CRAM082",1,0,0,0
"Niksek","Dichomeris n. sp. nr. ochreoviridella",77,1,1,0.012987012987013
"Niksek","Dichomeris ochreoviridella",14,1,1,0.0714285714285714
"Niksek","Dichomeris sp. XXXX068",25,0,0,0
"Niksek","Dichomeris sp. XXXX120",27,4,3,0.148148148148148
"Niksek","Dilophothripa sp. AAL1093",1,0,0,0
"Niksek","Dizuga recusataria",4,0,0,0
"Niksek","Dudua sp. AAB0663",6,0,0,0
"Niksek","Erebidae sp. ABX2239",1,0,0,0
"Niksek","Geometridae sp.GEOM143",2,0,0,0
"Niksek","Glyphodes margaritaria",16,2,2,0.125
"Niksek","Helcystogramma sp. AAI2045",13,0,0,0
"Niksek","Homona mermerodes",27,1,1,0.037037037037037
"Niksek","Homona trachyptera",1,0,0,0
"Niksek","Hyposidra incomptaria",3,1,1,0.333333333333333
"Niksek","Hyposidra talaca",1,1,1,1
"Niksek","Idiophantis n. sp. AAB7063",8,0,0,0
"Niksek","Isotenes sp. AAC7575",1,0,0,0
"Niksek","Jodis albifusa",3,0,0,0
"Niksek","Jodis sp. AAO0087",2,0,0,0
"Niksek","Lymantriidae sp.LYMA067",1,0,0,0
"Niksek","Macroglossum troglodytus papuanum",1,0,0,0
"Niksek","Mambara sp. AAK7402",4,0,0,0
"Niksek","Meekiaria purpurea",291,90,7,0.309278350515464
"Niksek","Mellea hieroglyphica",4,0,0,0
"Niksek","Mellea nitida",23,1,1,0.0434782608695652
"Niksek","Mellea ordinaria complex",327,10,6,0.0305810397553517
"Niksek","Mellea ramifera",7,2,1,0.285714285714286
"Niksek","Mellea rectiviata",2,0,0,0
"Niksek","Mellea sp. 1 nr. ordinaria",5,0,0,0
"Niksek","Mellea sp. AAA9701",11,0,0,0
"Niksek","Mellea sp. AAI1456",58,8,4,0.137931034482759
"Niksek","Mellea sp. AAI1458",77,6,4,0.0779220779220779
"Niksek","Moca congrualis",1,0,0,0
"Niksek","Noctuidae sp.NOCT104",1,0,0,0
"Niksek","Nycteola indicatana",2,0,0,0
"Niksek","Nycteola n. sp. AAB7439",12,1,1,0.0833333333333333
"Niksek","Nycteola nr. pseudoindica",12,1,1,0.0833333333333333
"Niksek","Olene nr. mendosa",2,0,0,0
"Niksek","Ophiorrhabda deceptor",20,0,0,0
"Niksek","Ophyx crinipes",7,4,1,0.571428571428571
"Niksek","Orthaga nr. percnodes",5,0,0,0
"Niksek","Orvasca sp. ADH2494",1,0,0,0
"Niksek","Paraphomia disjuncta",107,6,3,0.0560747663551402
"Niksek","Paraphomia sp. AAI2622",2,0,0,0
"Niksek","Pharambara splendida",173,0,0,0
"Niksek","Philiris helena",8,2,1,0.25
"Niksek","Philiris moira",5,0,0,0
"Niksek","Pingasa chlora",2,0,0,0
"Niksek","Polygiton sp. AAH1014",1,0,0,0
"Niksek","Pyralidae sp.PYRA032",1,0,0,0
"Niksek","Pyrophractis isotherma",45,0,0,0
"Niksek","Rhodoneura aurata",48,0,0,0
"Niksek","Scopelodes nitens",2,0,0,0
"Niksek","Talanga deliciosa",26,5,4,0.192307692307692
"Niksek","Talanga excelsalis",184,17,5,0.0923913043478261
"Niksek","Talanga sexpunctalis complex",101,6,5,0.0594059405940594
"Niksek","Tamba kebea",5,0,0,0
"Niksek","Targalla palliatrix",3,0,0,0
"Niksek","Thosea monoloncha?",1,0,0,0
"Niksek","Unadophanes trissomita",19,1,1,0.0526315789473684
"Niksek","Xenolepis neoguineana",9,0,0,0
"Ohu1","Acco albicosta",1,0,0,0
"Ohu1","Addaea nr. probolopsis",33,0,0,0
"Ohu1","Addaea pusilla",39,0,0,0
"Ohu1","Adoxophyes fasciculana",2,0,0,0
"Ohu1","Adoxophyes sp. AAA9592",14,1,1,0.0714285714285714
"Ohu1","Adoxophyes sp. AAB5052",8,0,0,0
"Ohu1","Adoxophyes templana complex",17,0,0,0
"Ohu1","Adoxophyes thoracica",9,1,1,0.111111111111111
"Ohu1","Adoxophyes tripselia",5,0,0,0
"Ohu1","Agriophara sp. AAD4601",16,0,0,0
"Ohu1","Agriophara sp. AAD4602",3,1,1,0.333333333333333
"Ohu1","Agrotera genuflexa",3,1,1,0.333333333333333
"Ohu1","Agrotera ignepictoides",14,2,2,0.142857142857143
"Ohu1","Agrotera nr. effertalis",9,1,1,0.111111111111111
"Ohu1","Albinospila sp. AAB0430",57,2,1,0.0350877192982456
"Ohu1","Albinospila sp. AAB0431",12,0,0,0
"Ohu1","Albinospila syntyche",6,0,0,0
"Ohu1","Archigraptis chrysodema",2,0,0,0
"Ohu1","Arctornis sp. AAE6183",1,0,0,0
"Ohu1","Arctornis sp.1 SEM-2008 nr. intacta",15,3,2,0.2
"Ohu1","Artaxa sp. AAB8719",1,0,0,0
"Ohu1","Artaxa sp. AAD5374",1,0,0,0
"Ohu1","Asota caricae",94,13,4,0.138297872340426
"Ohu1","Asota eusemioides",7,2,2,0.285714285714286
"Ohu1","Asota heliconia",2,0,0,0
"Ohu1","Asota plana",15,0,0,0
"Ohu1","Brenthia sp. AAC1202",26,5,2,0.192307692307692
"Ohu1","Brenthia sp. AAC1206",22,0,0,0
"Ohu1","Brenthia sp. AAF6821",29,3,2,0.103448275862069
"Ohu1","Brenthia sp. AAI3833",6,0,0,0
"Ohu1","Brenthia sp. AAI3835",32,1,1,0.03125
"Ohu1","Brenthia sp. AAL5584",7,1,1,0.142857142857143
"Ohu1","Brenthia sp. JR22",63,4,2,0.0634920634920635
"Ohu1","Brenthia sp. JR24",5,0,0,0
"Ohu1","Brenthia sp. JR32",60,10,2,0.166666666666667
"Ohu1","Brenthia sp. JR34",217,6,5,0.0276497695852535
"Ohu1","Brenthia sp. JR37",324,7,3,0.0216049382716049
"Ohu1","Brenthia sp. JR53",25,0,0,0
"Ohu1","Brenthia sp. JR54",350,47,6,0.134285714285714
"Ohu1","Brenthia sp. JR62",85,1,1,0.0117647058823529
"Ohu1","Chalcidoptera emissalis",1,0,0,0
"Ohu1","Chamaita sp. AAD7699",8,4,4,0.5
"Ohu1","Chamaita sp. AAE1114",4,0,0,0
"Ohu1","Chora huntei",8,1,1,0.125
"Ohu1","Choreutis basalis",25,2,2,0.08
"Ohu1","Choreutis cf. anthorma",452,152,12,0.336283185840708
"Ohu1","Choreutis lutescens",106,5,3,0.0471698113207547
"Ohu1","Choreutis sp. JR06",17,2,1,0.117647058823529
"Ohu1","Choreutis sp. JR09",59,3,2,0.0508474576271186
"Ohu1","Choreutis sp. JR2",1,0,0,0
"Ohu1","Choreutis sp. JR5",98,8,2,0.0816326530612245
"Ohu1","Chrysocraspeda nr. inundata",77,2,1,0.025974025974026
"Ohu1","Chrysocraspeda sp. AAB1427",122,1,1,0.00819672131147541
"Ohu1","Coelorhyncidia nitidalis",48,7,3,0.145833333333333
"Ohu1","Crambidae sp.PYRA038",1,0,0,0
"Ohu1","Cyclophora sp. AAF7884",1,0,0,0
"Ohu1","Cyrestis acilia",3,0,0,0
"Ohu1","Darantasia caerulescens",6,0,0,0
"Ohu1","Dichomeris n. sp. nr. ochreoviridella",105,1,1,0.00952380952380952
"Ohu1","Dichomeris ochreoviridella",60,0,0,0
"Ohu1","Dichomeris sp. AAA9076",1,0,0,0
"Ohu1","Dichomeris sp. AAB2697",1,0,0,0
"Ohu1","Dichomeris sp. AAI6257",1,0,0,0
"Ohu1","Dichomeris sp. XXXX068",531,41,10,0.0772128060263653
"Ohu1","Dichomeris sp. XXXX120",5,0,0,0
"Ohu1","Dizuga recusataria",24,0,0,0
"Ohu1","Drepanidae sp. GEOM161",1,0,0,0
"Ohu1","Dudua sp. AAB0663",11,0,0,0
"Ohu1","Dudua sp. AAT9574",1,0,0,0
"Ohu1","Eugoa nr. perfasciata",1,0,0,0
"Ohu1","Euploea leucostictos",1,0,0,0
"Ohu1","Gauna phaealis",2,0,0,0
"Ohu1","Geometridae sp.GEOM138",1,0,0,0
"Ohu1","Glyphodes doleschalii",2,0,0,0
"Ohu1","Glyphodes margaritaria",11,1,1,0.0909090909090909
"Ohu1","Gymnasura sp. USNM9",1,0,0,0
"Ohu1","Herminiinae sp. AAL8411",1,0,0,0
"Ohu1","Holocola n. sp. AAC7734",1,0,0,0
"Ohu1","Homodes iomolybda",1,0,0,0
"Ohu1","Homona aestivana",3,0,0,0
"Ohu1","Homona mermerodes",8,0,0,0
"Ohu1","Homona spargotis",1,0,0,0
"Ohu1","Hyposidra incomptaria",2,0,0,0
"Ohu1","Idiophantis n. sp. AAB7063",10,0,0,0
"Ohu1","Idiophantis n. sp. AAZ1655",1,0,0,0
"Ohu1","Idiophantis sp. XXXX124",1,0,0,0
"Ohu1","Imma monastica",1,0,0,0
"Ohu1","Imma sp. AAD4328",7,0,0,0
"Ohu1","Imma sp. AAI2315",1,0,0,0
"Ohu1","Isotenes sp. AAC7575",1,0,0,0
"Ohu1","Jodis albifusa",38,1,1,0.0263157894736842
"Ohu1","Jodis sp. AAE5694",4,0,0,0
"Ohu1","Lactura rhodographa",2,1,1,0.5
"Ohu1","Lactura sp. AAI2177",6,0,0,0
"Ohu1","Lambula agraphia",2,0,0,0
"Ohu1","Lambula sp. USNM1",1,0,0,0
"Ohu1","Lambula sp. USNM5",4,1,1,0.25
"Ohu1","Lepidoptera sp. AAH4358",1,0,0,0
"Ohu1","Lepidoptera sp.XXXX145",1,0,0,0
"Ohu1","Lepidoptera sp.XXXX150",5,0,0,0
"Ohu1","Lithosiinae sp.PYRA039",1,0,0,0
"Ohu1","Lithosiinae sp.XXXX149",1,0,0,0
"Ohu1","Loboschiza exemplaris",1,0,0,0
"Ohu1","Lophopepla sp. AAI1091",5,0,0,0
"Ohu1","Lymantria novaguineensis",1,0,0,0
"Ohu1","Lymantriinae sp.LYMA045",1,1,1,1
"Ohu1","Macarostola sp. AAI1170",13,5,2,0.384615384615385
"Ohu1","Macroglossum melas pullius",5,0,0,0
"Ohu1","Mambara sp. AAK7402",1,0,0,0
"Ohu1","Mecistoptera franzwagneri",3,0,0,0
"Ohu1","Mecistoptera n. sp. AAB6947",1,0,0,0
"Ohu1","Meekiaria purpurea",31,3,2,0.0967741935483871
"Ohu1","Meekiaria sp. AAA3374",195,28,5,0.143589743589744
"Ohu1","Meekiaria sp. AAA3375",5,1,1,0.2
"Ohu1","Meekiaria sp. AAA3376",5,1,1,0.2
"Ohu1","Meekiaria sp. AAA3378",6,1,1,0.166666666666667
"Ohu1","Meekiaria sp. AAA3379",6,1,1,0.166666666666667
"Ohu1","Meekiaria sp. AAA3380",3,1,1,0.333333333333333
"Ohu1","Mellea nitida",21,3,1,0.142857142857143
"Ohu1","Mellea ordinaria complex",43,6,3,0.13953488372093
"Ohu1","Mellea ramifera",9,1,1,0.111111111111111
"Ohu1","Mellea rectiviata",1,0,0,0
"Ohu1","Mellea sp. 1 nr. ordinaria",2,0,0,0
"Ohu1","Mellea sp. AAA9701",1,0,0,0
"Ohu1","Mellea sp. AAI1456",1,0,0,0
"Ohu1","Metaphoenia sp. AAI1563",1,0,0,0
"Ohu1","Moca ancistrota",1,0,0,0
"Ohu1","Moca congrualis",8,0,0,0
"Ohu1","Noctuidae sp.NOCT121",1,0,0,0
"Ohu1","Noctuidae sp.NOCT123",1,0,0,0
"Ohu1","Nolidae sp. AAH3366",1,0,0,0
"Ohu1","Nycteola indicatana",4,0,0,0
"Ohu1","Nycteola n. sp. AAB7439",5,0,0,0
"Ohu1","Oecophoridae sp. AAH7348",1,0,0,0
"Ohu1","Oecophorinae sp. AAF9711",6,0,0,0
"Ohu1","Oenospila sp. AAB6770",23,0,0,0
"Ohu1","Oenospila sp. AAD3332",2,0,0,0
"Ohu1","Olene nr. mendosa",1,0,0,0
"Ohu1","Ophiorrhabda deceptor",44,4,4,0.0909090909090909
"Ohu1","Ophyx crinipes",3,1,1,0.333333333333333
"Ohu1","Orthaga melanoperalis",4,0,0,0
"Ohu1","Orthaga nr. percnodes",3,0,0,0
"Ohu1","Orvasca sp. AAD8421",4,1,1,0.25
"Ohu1","Peritornenta sp. AAL8315",1,0,0,0
"Ohu1","Perixera ampligutta",2,0,0,0
"Ohu1","Pharambara splendida",162,0,0,0
"Ohu1","Philiris helena",13,5,1,0.384615384615385
"Ohu1","Philiris moira",17,2,2,0.117647058823529
"Ohu1","Pingasa chlora",4,0,0,0
"Ohu1","Piratisca minax",1,0,0,0
"Ohu1","Polygiton sp. AAH1014",11,0,0,0
"Ohu1","Pseudocera nr. trissosticha",23,6,2,0.260869565217391
"Ohu1","Pseudocera sp. AAB1481",5,1,1,0.2
"Ohu1","Pterophoridae sp. AAG1468",1,0,0,0
"Ohu1","Purpurata sp. AAL9983",1,0,0,0
"Ohu1","Rhodoneura aurata",8,0,0,0
"Ohu1","Sarobides inconclusa",1,0,0,0
"Ohu1","Scopula amala",1,0,0,0
"Ohu1","Somena sp. ACM4686",1,0,0,0
"Ohu1","Spilomelinae sp. AAG3026",1,0,0,0
"Ohu1","Symmacra solidaria ochrea",1,0,0,0
"Ohu1","Tabidia insanalis",1,0,0,0
"Ohu1","Talanga deliciosa",5,0,0,0
"Ohu1","Talanga excelsalis",114,10,6,0.087719298245614
"Ohu1","Talanga polyzonalis",38,4,3,0.105263157894737
"Ohu1","Talanga sexpunctalis complex",142,3,3,0.0211267605633803
"Ohu1","Tamba kebea",6,6,4,1
"Ohu1","Targalla palliatrix",2,0,0,0
"Ohu1","Targalla suffundens",1,0,0,0
"Ohu1","Teia sp. AAB5680",1,0,0,0
"Ohu1","Teia sp. ABX5688",1,0,0,0
"Ohu1","Tipasa sp. AAE7338",4,0,0,0
"Ohu1","Tipasa sp. AAI0376",2,0,0,0
"Ohu1","Tipasa sp. AAI0377",3,2,1,0.666666666666667
"Ohu1","Tortricidae sp.TORT205",1,0,0,0
"Ohu1","Tortricidae sp.TORT207",1,0,0,0
"Ohu1","Trichalis nr. aereoplagiata",2,0,0,0
"Ohu1","Unadophanes trissomita",257,46,6,0.178988326848249
"Ohu1","Uraniidae sp.URAN014",1,0,0,0
"Ohu1","Xenolepis neoguineana",14,0,0,0
"Ohu1","Xenothictis gnetivora",1,0,0,0
"Utai","Addaea nr. probolopsis",26,0,0,0
"Utai","Addaea pusilla",36,0,0,0
"Utai","Adoxophyes fasciculana",1,0,0,0
"Utai","Adoxophyes sp. AAA9592",3,0,0,0
"Utai","Adoxophyes thoracica",5,0,0,0
"Utai","Adoxophyes tripselia",3,0,0,0
"Utai","Albinospila sp. AAB0430",2,0,0,0
"Utai","Albinospila sp. AAH9003",1,0,0,0
"Utai","Anthela nr. ekeikei",1,0,0,0
"Utai","Arctornis sp. AAE6183",2,0,0,0
"Utai","Arctornis sp.1 SEM-2008 nr. intacta",38,1,1,0.0263157894736842
"Utai","Arctornis sp.2 SEM-2008 nr. intacta",2,0,0,0
"Utai","Arctornis sp.3 SEM-2008 nr. intacta",15,0,0,0
"Utai","Arctornis sp.4 SEM-2008 nr. intacta",1,0,0,0
"Utai","Arna nr. galactopis",1,0,0,0
"Utai","Asota plana",2,0,0,0
"Utai","Brenthia sp. AAI3835",1,0,0,0
"Utai","Brenthia sp. JR22",22,4,4,0.181818181818182
"Utai","Brenthia sp. JR34",1,0,0,0
"Utai","Brenthia sp. JR37",5,0,0,0
"Utai","Brenthia sp. JR54",5,0,0,0
"Utai","Cangetta cf. rectilinea",1,0,0,0
"Utai","Catoria delectaria",5,0,0,0
"Utai","Chalcidoptera emissalis",1,0,0,0
"Utai","Chora huntei",1,0,0,0
"Utai","Choreutis basalis",25,12,6,0.48
"Utai","Choreutis cf. anthorma",113,45,13,0.398230088495575
"Utai","Choreutis lutescens",4,0,0,0
"Utai","Chrysocraspeda nr. inundata",3,0,0,0
"Utai","Chrysocraspeda praegriseata",4,0,0,0
"Utai","Chrysocraspeda sp. AAB1427",7,0,0,0
"Utai","Chrysocraspeda sp. AAC8547",14,1,1,0.0714285714285714
"Utai","Cleora repetita",2,0,0,0
"Utai","Coelorhyncidia nitidalis",32,5,5,0.15625
"Utai","Cotana sp. AAI6038",1,0,0,0
"Utai","Cyrestis acilia",3,0,0,0
"Utai","Darantasia caerulescens",1,0,0,0
"Utai","Dichomeris n. sp. nr. ochreoviridella",126,31,8,0.246031746031746
"Utai","Dichomeris ochreoviridella",9,3,3,0.333333333333333
"Utai","Dichomeris sp. XXXX068",12,1,1,0.0833333333333333
"Utai","Dichomeris sp. XXXX120",22,3,1,0.136363636363636
"Utai","Dizuga recusataria",163,0,0,0
"Utai","Dudua sp. AAB0663",76,4,3,0.0526315789473684
"Utai","Erebidae sp. ABY3889",2,0,0,0
"Utai","Euploea leucostictos",5,0,0,0
"Utai","Gauna phaealis",1,0,0,0
"Utai","Gauna sp. AAF4890",9,1,1,0.111111111111111
"Utai","Glyphodes doleschalii",3,0,0,0
"Utai","Glyphodes margaritaria",202,105,17,0.51980198019802
"Utai","Homona aestivana",1,0,0,0
"Utai","Homona auriga",1,0,0,0
"Utai","Homona mermerodes",4,0,0,0
"Utai","Hypomecis infaustaria",1,0,0,0
"Utai","Hyposidra incomptaria",1,0,0,0
"Utai","Hyposidra talaca",2,0,0,0
"Utai","Isotenes sp. AAC7573",2,0,0,0
"Utai","Isotenes sp. AAC7575",1,0,0,0
"Utai","Jodis albifusa",36,2,2,0.0555555555555556
"Utai","Jodis sp. AAE5694",7,0,0,0
"Utai","Jodis sp. AAO0087",1,0,0,0
"Utai","Lecithocera sp. AAI1270",1,0,0,0
"Utai","Lecithocera sp. AAI1271",2,0,0,0
"Utai","Lista carniola",5,2,2,0.4
"Utai","Macroglossum melas pullius",4,0,0,0
"Utai","Macroglossum troglodytus papuanum",1,0,0,0
"Utai","Macrothyma sanguinolenta",1,0,0,0
"Utai","Mecistoptera franzwagneri",1,0,0,0
"Utai","Mecistoptera sophiewagnerae",2,0,0,0
"Utai","Meekiaria nigriscriptalis",3,0,0,0
"Utai","Meekiaria purpurea",38,6,4,0.157894736842105
"Utai","Meekiaria sp. AAA3374",59,8,5,0.135593220338983
"Utai","Meekiaria sp. AAA3375",4,1,1,0.25
"Utai","Meekiaria sp. AAA3378",5,0,0,0
"Utai","Meekiaria sp. AAA3379",302,8,6,0.0264900662251656
"Utai","Meekiaria sp. AAA3380",6,1,1,0.166666666666667
"Utai","Mellea hieroglyphica",3,0,0,0
"Utai","Mellea nitida",33,1,1,0.0303030303030303
"Utai","Mellea ordinaria complex",322,27,7,0.0838509316770186
"Utai","Mellea sp. 1 nr. ordinaria",39,0,0,0
"Utai","Mellea sp. AAA9701",33,1,1,0.0303030303030303
"Utai","Mellea sp. AAI1456",108,4,4,0.037037037037037
"Utai","Mellea sp. AAI1457",18,0,0,0
"Utai","Mellea sp. AAI1461",1,0,0,0
"Utai","Moca congrualis",3,0,0,0
"Utai","Noctuidae sp.NOCT117",2,0,0,0
"Utai","Noctuidae sp.NOCT119",1,0,0,0
"Utai","Nolidae sp.NOLI002",4,0,0,0
"Utai","Nycteola indicatana",2,0,0,0
"Utai","Nycteola n. sp. AAB7439",6,0,0,0
"Utai","Oenospila sp. AAB6770",2,0,0,0
"Utai","Oenospila sp. AAD3332",1,0,0,0
"Utai","Olene nr. mendosa",4,0,0,0
"Utai","Ophiorrhabda deceptor",43,2,2,0.0465116279069767
"Utai","Ophyx crinipes",6,1,1,0.166666666666667
"Utai","Orthaga nr. percnodes",4,0,0,0
"Utai","Paraphomia disjuncta",31,0,0,0
"Utai","Pharambara splendida",114,6,6,0.0526315789473684
"Utai","Philiris helena",31,7,3,0.225806451612903
"Utai","Philiris sp. AAF6866",1,0,0,0
"Utai","Phostria lanialis",1,0,0,0
"Utai","Phycitinae sp. AAG0392",2,0,0,0
"Utai","Pingasa chlora",7,0,0,0
"Utai","Piratisca minax",2,0,0,0
"Utai","Pyrophractis isotherma",11,0,0,0
"Utai","Rhodoneura aurata",74,6,2,0.0810810810810811
"Utai","Simplicia erebina",1,0,0,0
"Utai","Simplicia sp. NOCT120",1,0,0,0
"Utai","Statherotis discana",7,1,1,0.142857142857143
"Utai","Talanga deliciosa",89,14,8,0.157303370786517
"Utai","Talanga excelsalis",344,11,6,0.0319767441860465
"Utai","Talanga sexpunctalis complex",108,3,3,0.0277777777777778
"Utai","Tamba kebea",196,55,11,0.280612244897959
"Utai","Targalla palliatrix",2,0,0,0
"Utai","Teia sp. AAE9809",3,0,0,0
"Utai","Teia sp. AAI3599",1,0,0,0
"Utai","Unadophanes trissomita",24,4,2,0.166666666666667
"Utai","Xenolepis neoguineana",2,0,0,0
"Utai","Xenothictis gnetivora",1,0,0,0
"Utai","Xylinophylla maculata",1,0,0,0
"Wamangu","Acontiinae sp. AAG0292",2,0,0,0
"Wamangu","Addaea pusilla",263,11,5,0.0418250950570342
"Wamangu","Addaea syndesma",4,0,0,0
"Wamangu","Adoxophyes sp. AAA9592",18,1,1,0.0555555555555556
"Wamangu","Adoxophyes sp. AAB5052",3,0,0,0
"Wamangu","Adoxophyes tripselia",8,0,0,0
"Wamangu","Aetholix flavibasalis",1,0,0,0
"Wamangu","Agriophara sp. AAD4602",1,0,0,0
"Wamangu","Agrotera genuflexa",12,0,0,0
"Wamangu","Agrotera ignepictoides",1,0,0,0
"Wamangu","Agrotera nr. effertalis",21,2,2,0.0952380952380952
"Wamangu","Albinospila sp. AAB0430",46,2,1,0.0434782608695652
"Wamangu","Albinospila sp. AAH9003",1,0,0,0
"Wamangu","Arctornis sp.1 SEM-2008 nr. intacta",13,1,1,0.0769230769230769
"Wamangu","Arctornis sp.3 SEM-2008 nr. intacta",3,0,0,0
"Wamangu","Arctornis sp.4 SEM-2008 nr. intacta",1,0,0,0
"Wamangu","Arhopala sp. ABZ4430",1,0,0,0
"Wamangu","Arhopala thamyras",2,0,0,0
"Wamangu","Arna nr. galactopis",3,0,0,0
"Wamangu","Artaxa sp. AAB8719",1,0,0,0
"Wamangu","Asota caricae",13,4,2,0.307692307692308
"Wamangu","Asota eusemioides",14,2,1,0.142857142857143
"Wamangu","Asota plana",28,17,2,0.607142857142857
"Wamangu","Berta sp. AAD4670",4,0,0,0
"Wamangu","Brenthia JR39",2,1,1,0.5
"Wamangu","Brenthia sp. AAC1202",7,0,0,0
"Wamangu","Brenthia sp. AAI3836",2,0,0,0
"Wamangu","Brenthia sp. JR22",26,1,1,0.0384615384615385
"Wamangu","Brenthia sp. JR32",7,0,0,0
"Wamangu","Brenthia sp. JR34",40,0,0,0
"Wamangu","Brenthia sp. JR53",4,0,0,0
"Wamangu","Brenthia sp. JR54",32,0,0,0
"Wamangu","Brenthia sp. JR62",1,0,0,0
"Wamangu","Caeneressa bernhardi",1,0,0,0
"Wamangu","Calindoea dorilusalis",5,0,0,0
"Wamangu","Chaetocneme sp. AAF8537",1,0,0,0
"Wamangu","Chalcidoptera emissalis",6,0,0,0
"Wamangu","Chamaita sp. AAD7699",3,0,0,0
"Wamangu","Chamaita sp. AAE1114",6,0,0,0
"Wamangu","Choreutis basalis",16,0,0,0
"Wamangu","Choreutis cf. anthorma",178,41,7,0.230337078651685
"Wamangu","Choreutis chi",6,1,1,0.166666666666667
"Wamangu","Choreutis lutescens",108,10,5,0.0925925925925926
"Wamangu","Choreutis sp. JR5",1,0,0,0
"Wamangu","Choreutis tricyanitis",2,0,0,0
"Wamangu","Chrysocraspeda nr. inundata",3,0,0,0
"Wamangu","Chrysocraspeda sp. AAB1427",4,0,0,0
"Wamangu","Cirrhochrista xanthographis",7,1,1,0.142857142857143
"Wamangu","Coelorhyncidia nitidalis",16,5,4,0.3125
"Wamangu","Copromorphidae sp. AAG0483",3,2,2,0.666666666666667
"Wamangu","Copromorphidae sp. AAG3732",10,1,1,0.1
"Wamangu","Copromorphidae sp. AAH4359",1,0,0,0
"Wamangu","Cyrestis acilia",8,0,0,0
"Wamangu","Darantasia caerulescens",1,0,0,0
"Wamangu","Dichomeris n. sp. nr. ochreoviridella",89,5,1,0.0561797752808989
"Wamangu","Dichomeris ochreoviridella",21,1,1,0.0476190476190476
"Wamangu","Dichomeris sp. AAA9076",1,0,0,0
"Wamangu","Dichomeris sp. AAB2697",1,0,0,0
"Wamangu","Dichomeris sp. AAI6257",2,0,0,0
"Wamangu","Dichomeris sp. XXXX068",93,1,1,0.010752688172043
"Wamangu","Dichomeris sp. XXXX120",9,1,1,0.111111111111111
"Wamangu","Dizuga recusataria",83,0,0,0
"Wamangu","Dudua sp. AAB0663",9,0,0,0
"Wamangu","Eucyclodes absona",2,0,0,0
"Wamangu","Eucyclodes sp. ACF0440",1,0,0,0
"Wamangu","Euploea leucostictos",2,0,0,0
"Wamangu","Gauna phaealis",9,0,0,0
"Wamangu","Gelechioidea sp. AAH4361",1,0,0,0
"Wamangu","Glyphodes margaritaria",52,13,6,0.25
"Wamangu","Gnathothlibus heliodes",2,0,0,0
"Wamangu","Gymnasura sp. USNM2",1,0,0,0
"Wamangu","Gymnasura sp. USNM9",3,0,0,0
"Wamangu","Homona mermerodes",1,0,0,0
"Wamangu","Homona spargotis",1,0,0,0
"Wamangu","Homona trachyptera",1,0,0,0
"Wamangu","Hypolycaena phorbas",4,0,0,0
"Wamangu","Hypomecis infaustaria",1,0,0,0
"Wamangu","Hyposidra talaca",1,0,0,0
"Wamangu","Hypsopygia nigrivitta",1,0,0,0
"Wamangu","Idiophantis n. sp. AAB7063",8,0,0,0
"Wamangu","Idiophantis n. sp. AAB7064",1,0,0,0
"Wamangu","Imma sp. AAF9965",1,0,0,0
"Wamangu","Isotenes sp. AAC7573",2,0,0,0
"Wamangu","Isotenes sp. AAC7575",1,0,0,0
"Wamangu","Jodis albifusa",13,0,0,0
"Wamangu","Labdia sp. AAH4360",1,0,0,0
"Wamangu","Lactura sp. AAI2177",1,0,0,0
"Wamangu","Lambula sp. ACE6062",1,0,0,0
"Wamangu","Lambula sp. USNM5",1,0,0,0
"Wamangu","Leucoma sp. ABU6384",1,0,0,0
"Wamangu","Limacodidae sp. LIMA007",1,1,1,1
"Wamangu","Lophopepla sp. AAI1091",1,0,0,0
"Wamangu","Lymantriinae sp. AAG9399",1,0,0,0
"Wamangu","Macarostola sp. AAI1170",10,1,1,0.1
"Wamangu","Macarostola sp. AAI1171",3,0,0,0
"Wamangu","Macroglossum melas pullius",27,2,1,0.0740740740740741
"Wamangu","Macrothyma sanguinolenta",4,0,0,0
"Wamangu","Mambara sp. AAL3983",1,0,0,0
"Wamangu","Mecistoptera franzwagneri",3,0,0,0
"Wamangu","Mecistoptera sophiewagnerae",1,0,0,0
"Wamangu","Meekiaria purpurea",65,4,2,0.0615384615384615
"Wamangu","Meekiaria sp. AAA3374",197,14,5,0.0710659898477157
"Wamangu","Meekiaria sp. AAA3375",5,0,0,0
"Wamangu","Meekiaria sp. AAA3376",5,0,0,0
"Wamangu","Meekiaria sp. AAA3378",5,0,0,0
"Wamangu","Meekiaria sp. AAA3379",6,1,1,0.166666666666667
"Wamangu","Meekiaria sp. AAA3380",8,0,0,0
"Wamangu","Meekiaria sp. AAJ1732",2,0,0,0
"Wamangu","Meekiaria sp. CRAM151",7,1,1,0.142857142857143
"Wamangu","Mellea hieroglyphica",16,0,0,0
"Wamangu","Mellea nitida",137,3,3,0.0218978102189781
"Wamangu","Mellea ordinaria complex",2,0,0,0
"Wamangu","Mellea ramifera",79,5,4,0.0632911392405063
"Wamangu","Mellea rectiviata",44,5,4,0.113636363636364
"Wamangu","Mellea sp. 1 nr. ordinaria",20,1,1,0.05
"Wamangu","Mellea sp. AAA9701",10,0,0,0
"Wamangu","Moca congrualis",13,2,2,0.153846153846154
"Wamangu","Noctuidae sp. AAG0293",1,0,0,0
"Wamangu","Nolidae sp. AAH3366",3,0,0,0
"Wamangu","Nolidae sp. AAH3367",6,0,0,0
"Wamangu","Nudaria sp. USNM2",1,0,0,0
"Wamangu","Nycteola indicatana",1,0,0,0
"Wamangu","Nycteola n. sp. AAB7439",6,0,0,0
"Wamangu","Oenospila sp. AAB6770",1,0,0,0
"Wamangu","Ophiorrhabda deceptor",19,1,1,0.0526315789473684
"Wamangu","Orthaga melanoperalis",8,0,0,0
"Wamangu","Orthaga nr. percnodes",2,0,0,0
"Wamangu","Orvasca sp. AAG9398",2,0,0,0
"Wamangu","Orvasca sp. ADH2494",2,0,0,0
"Wamangu","Paraphomia disjuncta",6,0,0,0
"Wamangu","Pharambara splendida",166,4,3,0.0240963855421687
"Wamangu","Philiris helena",105,31,2,0.295238095238095
"Wamangu","Philiris moira",17,4,3,0.235294117647059
"Wamangu","Philiris sp. AAF6866",4,1,1,0.25
"Wamangu","Phycitinae sp. AAG0396",2,0,0,0
"Wamangu","Piletocera sp. AAG3027",4,3,3,0.75
"Wamangu","Polygiton sp. AAH1014",2,0,0,0
"Wamangu","Polypogon sp. AAI2776",7,0,0,0
"Wamangu","Pseudocera nr. trissosticha",21,2,1,0.0952380952380952
"Wamangu","Pseudocera sp. AAB1481",18,0,0,0
"Wamangu","Pterophorus albidus",3,0,0,0
"Wamangu","Rhodoneura aurata",89,3,1,0.0337078651685393
"Wamangu","Roeselia hemizona",2,0,0,0
"Wamangu","Sarobides inconclusa",1,0,0,0
"Wamangu","Scopula sp. AAG9552",1,0,0,0
"Wamangu","Selepa discigera",1,0,0,0
"Wamangu","Sphenarches anisodactylus",1,0,0,0
"Wamangu","Sporostigena sp. AAJ3512",2,0,0,0
"Wamangu","Talanga deliciosa",143,13,6,0.0909090909090909
"Wamangu","Talanga excelsalis",301,51,11,0.169435215946844
"Wamangu","Talanga polyzonalis",18,0,0,0
"Wamangu","Talanga sexpunctalis complex",100,2,2,0.02
"Wamangu","Tamba kebea",13,1,1,0.0769230769230769
"Wamangu","Thosea monoloncha?",1,0,0,0
"Wamangu","Trischalis iridescens",2,0,0,0
"Wamangu","Unadophanes trissomita",109,11,4,0.100917431192661
"Wamangu","Xenolepis neoguineana",1,0,0,0
"Wamangu","Xenothictis gnetivora",2,1,1,0.5
"Wamangu","Xyloryctinae sp. XYLO001",1,0,0,0
"Wamangu","Zygaenosia sp. USNM1",1,0,0,0
"Wanang","Acontiinae sp. AAG0292",1,0,0,0
"Wanang","Addaea pusilla",137,3,1,0.0218978102189781
"Wanang","Adoxophyes sp. AAA9592",5,0,0,0
"Wanang","Adoxophyes sp. AAB5052",4,0,0,0
"Wanang","Adoxophyes templana complex",3,0,0,0
"Wanang","Adoxophyes thoracica",2,0,0,0
"Wanang","Agrotera genuflexa",6,1,1,0.166666666666667
"Wanang","Agrotera ignepictoides",2,0,0,0
"Wanang","Agrotera nr. effertalis",2,0,0,0
"Wanang","Agrotera sp. AAJ7071",1,0,0,0
"Wanang","Albinospila sp. AAB0430",1,0,0,0
"Wanang","Albinospila sp. AAH9003",1,0,0,0
"Wanang","Anomis flava",3,0,0,0
"Wanang","Arctornis sp.1 SEM-2008 nr. intacta",1,0,0,0
"Wanang","Arctornis sp.3 SEM-2008 nr. intacta",1,0,0,0
"Wanang","Arna nr. galactopis",1,0,0,0
"Wanang","Asota caricae",30,1,1,0.0333333333333333
"Wanang","Asota eusemioides",2,0,0,0
"Wanang","Asota plana",79,2,1,0.0253164556962025
"Wanang","Brenthia sp. AAC1206",1,0,0,0
"Wanang","Brenthia sp. JR24",4,0,0,0
"Wanang","Brenthia sp. JR37",3,0,0,0
"Wanang","Brenthia sp. JR53",1,0,0,0
"Wanang","Brenthia sp. JR54",1,0,0,0
"Wanang","Catoria delectaria",2,0,0,0
"Wanang","Choreutis basalis",33,6,3,0.181818181818182
"Wanang","Choreutis cf. anthorma",98,30,5,0.306122448979592
"Wanang","Choreutis lutescens",34,5,2,0.147058823529412
"Wanang","Choreutis sp. JR09",2,0,0,0
"Wanang","Cirrhochrista xanthographis",3,0,0,0
"Wanang","Coelorhyncidia nitidalis",128,0,0,0
"Wanang","Cryptoblabes sp. AAG0395",1,0,0,0
"Wanang","Derambila strigicosta",1,0,0,0
"Wanang","Dichomeris n. sp. nr. ochreoviridella",11,1,1,0.0909090909090909
"Wanang","Dichomeris ochreoviridella",9,0,0,0
"Wanang","Dichomeris sp. XXXX068",25,1,1,0.04
"Wanang","Dichomeris sp. XXXX120",12,2,1,0.166666666666667
"Wanang","Dizuga recusataria",17,0,0,0
"Wanang","Ectropis bhurmitra",1,0,0,0
"Wanang","Garudinodes nr. trizona",1,0,0,0
"Wanang","Gauna phaealis",5,1,1,0.2
"Wanang","Geometrinae sp. GEOM141",1,0,0,0
"Wanang","Glyphodes margaritaria",32,11,1,0.34375
"Wanang","Gymnasura sp. USNM9",1,0,0,0
"Wanang","Holocola n. sp. AAC7734",3,0,0,0
"Wanang","Homona aestivana",1,0,0,0
"Wanang","Homona mermerodes",1,0,0,0
"Wanang","Hyposidra incomptaria",2,0,0,0
"Wanang","Idiophantis n. sp. AAB7063",3,0,0,0
"Wanang","Imma monastica",1,0,0,0
"Wanang","Jodis albifusa",97,4,2,0.0412371134020619
"Wanang","Jodis sp. AAE5694",17,0,0,0
"Wanang","Lambula agraphia",1,0,0,0
"Wanang","Macarostola sp. AAI1170",5,0,0,0
"Wanang","Macroglossum melas pullius",3,0,0,0
"Wanang","Macroglossum troglodytus papuanum",2,0,0,0
"Wanang","Marapana pulverata",1,0,0,0
"Wanang","Mecistoptera n. sp. AAB6947",17,1,1,0.0588235294117647
"Wanang","Mecistoptera sophiewagnerae",5,0,0,0
"Wanang","Meekiaria purpurea",37,1,1,0.027027027027027
"Wanang","Meekiaria sp. AAA3374",70,5,3,0.0714285714285714
"Wanang","Meekiaria sp. AAA3375",2,0,0,0
"Wanang","Meekiaria sp. AAA3376",3,0,0,0
"Wanang","Meekiaria sp. AAA3378",4,0,0,0
"Wanang","Meekiaria sp. AAA3379",4,0,0,0
"Wanang","Meekiaria sp. AAA3380",2,0,0,0
"Wanang","Meekiaria sp. AAJ1732",2,0,0,0
"Wanang","Mellea hieroglyphica",4,0,0,0
"Wanang","Mellea nitida",3,0,0,0
"Wanang","Mellea ordinaria complex",97,4,4,0.0412371134020619
"Wanang","Mellea ramifera",16,1,1,0.0625
"Wanang","Mellea sp. 1 nr. ordinaria",36,4,3,0.111111111111111
"Wanang","Mellea sp. AAA9701",7,1,1,0.142857142857143
"Wanang","Mellea sp. AAI1456",1,0,0,0
"Wanang","Microstola sp. AAH2579",1,0,0,0
"Wanang","Moca congrualis",1,0,0,0
"Wanang","Noctuidae sp.NOCT095",1,0,0,0
"Wanang","Nycteola n. sp. AAB7439",1,0,0,0
"Wanang","Nycteola nr. pseudoindica",1,0,0,0
"Wanang","Ophiorrhabda deceptor",5,0,0,0
"Wanang","Orthaga nr. percnodes",2,2,2,1
"Wanang","Orvasca sp. AAD8421",1,0,0,0
"Wanang","Orvasca sp. ADH2494",3,0,0,0
"Wanang","Paraphomia disjuncta",141,8,2,0.0567375886524823
"Wanang","Paraphomia sp. AAI2622",2,0,0,0
"Wanang","Parotis hilaralis",1,0,0,0
"Wanang","Perixera sp. AAI2524",3,0,0,0
"Wanang","Pharambara micacealis",2,0,0,0
"Wanang","Pharambara splendida",168,1,1,0.00595238095238095
"Wanang","Philiris helena",12,3,2,0.25
"Wanang","Philiris moira",1,0,0,0
"Wanang","Pingasa chlora",1,0,0,0
"Wanang","Pleuroptya nr. sabinusalis",4,1,1,0.25
"Wanang","Talanga deliciosa",47,0,0,0
"Wanang","Talanga excelsalis",44,0,0,0
"Wanang","Talanga polyzonalis",13,0,0,0
"Wanang","Talanga sexpunctalis complex",32,0,0,0
"Wanang","Tamba kebea",3,0,0,0
"Wanang","Targalla suffundens",1,0,0,0
"Wanang","Tortricidae sp.TORT100",1,0,0,0
"Wanang","Tortricidae sp.XXXX123",1,0,0,0
"Wanang","Unadophanes trissomita",3,0,0,0
"Wanang","Uraniidae sp.URAN012",1,0,0,0
"Wanang","Uraniidae sp.URAN013",1,0,0,0
"Wanang","Xenolepis neoguineana",4,1,1,0.25
"Wanang","Xenothictis gnetivora",20,2,1,0.1
"Wanang","Zygaenosia sp. USNM1",1,0,0,0
"Yapsiei","Addaea pusilla",137,4,4,0.0291970802919708
"Yapsiei","Addaea syndesma",2,0,0,0
"Yapsiei","Adoxophyes sp. AAA9592",1,0,0,0
"Yapsiei","Adoxophyes sp. AAB5052",3,1,1,0.333333333333333
"Yapsiei","Adoxophyes templana complex",1,0,0,0
"Yapsiei","Adoxophyes thoracica",4,0,0,0
"Yapsiei","Agrotera nr. effertalis",1,0,0,0
"Yapsiei","Albinospila sp. AAB0430",1,0,0,0
"Yapsiei","Albinospila sp. AAB0432",1,0,0,0
"Yapsiei","Arctornis sp.1 SEM-2008 nr. intacta",2,0,0,0
"Yapsiei","Ardozyga nr. amphiplaca",5,0,0,0
"Yapsiei","Ardozyga sp. AAE6214",1,0,0,0
"Yapsiei","Asota caricae",113,5,3,0.0442477876106195
"Yapsiei","Asota plana",41,4,1,0.0975609756097561
"Yapsiei","Brenthia JR39",62,4,3,0.0645161290322581
"Yapsiei","Brenthia sp. AAC1202",8,0,0,0
"Yapsiei","Brenthia sp. AAI3833",3,0,0,0
"Yapsiei","Brenthia sp. JR32",13,0,0,0
"Yapsiei","Brenthia sp. JR54",39,2,2,0.0512820512820513
"Yapsiei","Brenthia sp. JR62",50,4,1,0.08
"Yapsiei","Calindoea dorilusalis",7,0,0,0
"Yapsiei","Cangetta cf. rectilinea",7,1,1,0.142857142857143
"Yapsiei","Choreutis basalis",91,7,6,0.0769230769230769
"Yapsiei","Choreutis cf. anthorma",44,4,4,0.0909090909090909
"Yapsiei","Choreutis lutescens",59,11,7,0.186440677966102
"Yapsiei","Choreutis sp. JR06",7,0,0,0
"Yapsiei","Choreutis sp. JR07",2,0,0,0
"Yapsiei","Choreutis sp. JR08",1,0,0,0
"Yapsiei","Choreutis sp. JR2",6,0,0,0
"Yapsiei","Choreutis sp. JR5",1,0,0,0
"Yapsiei","Choreutis tricyanitis",2,0,0,0
"Yapsiei","Cirrhochrista cf. brizoalis",3,0,0,0
"Yapsiei","Cirrhochrista xanthographis",17,2,2,0.117647058823529
"Yapsiei","Coelorhyncidia nitidalis",61,14,7,0.229508196721311
"Yapsiei","Copromorphidae sp. AAG3732",14,1,1,0.0714285714285714
"Yapsiei","Cotana sp. AAI6038",1,0,0,0
"Yapsiei","Cyclophora sp. AAF7883",1,0,0,0
"Yapsiei","Cyclophora sp. AAF7884",1,0,0,0
"Yapsiei","Cyrestis acilia",1,0,0,0
"Yapsiei","Dichomeris n. sp. nr. ochreoviridella",193,31,6,0.160621761658031
"Yapsiei","Dichomeris ochreoviridella",120,19,4,0.158333333333333
"Yapsiei","Dichomeris sp. AAB2697",3,1,1,0.333333333333333
"Yapsiei","Dichomeris sp. AAI6257",2,0,0,0
"Yapsiei","Dichomeris sp. XXXX068",33,0,0,0
"Yapsiei","Dichomeris sp. XXXX120",3,0,0,0
"Yapsiei","Dysaethria sp. AAN5052",2,0,0,0
"Yapsiei","Elachyophtalma cf. kebeae",3,0,0,0
"Yapsiei","Euploea leucostictos",3,1,1,0.333333333333333
"Yapsiei","Focillodes sp. AAZ9141",1,0,0,0
"Yapsiei","Gelechiidae sp. AAN5589",2,0,0,0
"Yapsiei","Gelechiidae sp.TORT188",1,0,0,0
"Yapsiei","Gelechioidea sp.TORT193",1,0,0,0
"Yapsiei","Geometridae sp.GEOM147",1,0,0,0
"Yapsiei","Geometridae sp.GEOM148",1,0,0,0
"Yapsiei","Glyphodes margaritaria",27,2,2,0.0740740740740741
"Yapsiei","Glyphodes nr. caesalis",1,0,0,0
"Yapsiei","Gnathothlibus heliodes",1,0,0,0
"Yapsiei","Helcystogramma sp. AAI2045",2,0,0,0
"Yapsiei","Holocola n. sp. AAC7734",12,0,0,0
"Yapsiei","Homona aestivana",2,0,0,0
"Yapsiei","Homona auriga",1,0,0,0
"Yapsiei","Idiophantis n. sp. AAB7063",14,1,1,0.0714285714285714
"Yapsiei","Idiophantis n. sp. AAB7064",3,1,1,0.333333333333333
"Yapsiei","Idiophantis n. sp. AAZ1655",2,0,0,0
"Yapsiei","Jodis albifusa",1,0,0,0
"Yapsiei","Lecithocera sp. AAI1272",1,0,0,0
"Yapsiei","Lepidoptera sp.XXXX137",1,0,0,0
"Yapsiei","Lepidoptera sp.XXXX138",1,0,0,0
"Yapsiei","Lepidoptera sp.XXXX140",1,0,0,0
"Yapsiei","Lepidoptera sp.XXXX141",1,0,0,0
"Yapsiei","Lithosiinae sp.TORT189",2,0,0,0
"Yapsiei","Lymantria novaguineensis",1,0,0,0
"Yapsiei","Lymantria sp. LYMA069",2,0,0,0
"Yapsiei","Lymantriidae sp.LYMA072",1,0,0,0
"Yapsiei","Macarostola sp. AAI1170",1,0,0,0
"Yapsiei","Macroglossum melas pullius",4,0,0,0
"Yapsiei","Macroglossum troglodytus papuanum",1,0,0,0
"Yapsiei","Macrothyma sanguinolenta",3,1,1,0.333333333333333
"Yapsiei","Meekiaria purpurea",147,39,14,0.26530612244898
"Yapsiei","Meekiaria sp. AAA3374",159,22,11,0.138364779874214
"Yapsiei","Meekiaria sp. AAA3378",33,3,3,0.0909090909090909
"Yapsiei","Mellea hieroglyphica",3,0,0,0
"Yapsiei","Mellea nitida",22,2,1,0.0909090909090909
"Yapsiei","Mellea ordinaria complex",447,8,3,0.0178970917225951
"Yapsiei","Mellea ramifera",168,12,8,0.0714285714285714
"Yapsiei","Mellea sp. 1 nr. ordinaria",20,1,1,0.05
"Yapsiei","Mellea sp. AAA9701",20,2,2,0.1
"Yapsiei","Mellea sp. AAI1456",81,1,1,0.0123456790123457
"Yapsiei","Mellea sp. AAI1457",33,1,1,0.0303030303030303
"Yapsiei","Mellea sp. AAI1461",6,0,0,0
"Yapsiei","Moca congrualis",1,0,0,0
"Yapsiei","Nausinoe globulipedalis",1,0,0,0
"Yapsiei","Nicetosoma niceta",1,0,0,0
"Yapsiei","Noctuidae sp. AAG0293",1,0,0,0
"Yapsiei","Noctuidae sp.GEOM149",1,0,0,0
"Yapsiei","Noctuidae sp.NOCT097",1,0,0,0
"Yapsiei","Nolidae sp.TORT194",1,0,0,0
"Yapsiei","Nothomastix klossi",12,1,1,0.0833333333333333
"Yapsiei","Nycteola indicatana",1,0,0,0
"Yapsiei","Nycteola n. sp. AAB7439",3,0,0,0
"Yapsiei","Nycteola nr. pseudoindica",1,0,0,0
"Yapsiei","Ophiorrhabda deceptor",1,0,0,0
"Yapsiei","Ophyx crinipes",9,0,0,0
"Yapsiei","Paraphomia disjuncta",70,5,2,0.0714285714285714
"Yapsiei","Paraphomia sp. AAI2622",3,0,0,0
"Yapsiei","Pharambara splendida",40,1,1,0.025
"Yapsiei","Philiris helena",27,2,2,0.0740740740740741
"Yapsiei","Philiris moira",33,5,2,0.151515151515152
"Yapsiei","Pinzulenza kukisch",1,0,0,0
"Yapsiei","Piratisca minax",2,0,0,0
"Yapsiei","Pleuroptya nr. sabinusalis",1,0,0,0
"Yapsiei","Pterophorus albidus",1,0,0,0
"Yapsiei","Pyralidae sp.PYRA035",1,0,0,0
"Yapsiei","Pyrophractis isotherma",3,1,1,0.333333333333333
"Yapsiei","Rehimena cissophora",1,0,0,0
"Yapsiei","Rhodoneura aurata",54,2,2,0.037037037037037
"Yapsiei","Simplicia cornicalis",3,0,0,0
"Yapsiei","Symmacra solidaria ochrea",1,0,0,0
"Yapsiei","Tabidia insanalis",1,0,0,0
"Yapsiei","Talanga excelsalis",124,18,7,0.145161290322581
"Yapsiei","Talanga polyzonalis",1,0,0,0
"Yapsiei","Talanga sexpunctalis complex",35,0,0,0
"Yapsiei","Tamba kebea",1,1,1,1
"Yapsiei","Tamba sp. AAE9702",1,0,0,0
"Yapsiei","Unadophanes trissomita",10,0,0,0
"Yapsiei","Uraniidae sp.URAN012",1,0,0,0
"Yapsiei","Xenolepis neoguineana",4,0,0,0
"Yapsiei","Xenothictis gnetivora",3,0,0,0
"Yapsiei","Zaratha nr. plumbilinea",1,0,0,0
