"CAT_sp","PAR_sp","localities_total"
"Addaea nr. probolopsis","APAN124",1
"Addaea nr. probolopsis","BETH002",2
"Addaea nr. probolopsis","CHAL008",1
"Addaea nr. probolopsis","CHAL013",1
"Addaea nr. probolopsis","CHEL025",2
"Addaea nr. probolopsis","MICR034",1
"Addaea nr. probolopsis","MICR187",1
"Addaea nr. probolopsis","MICR272",1
"Addaea nr. probolopsis","TACH364",2
"Addaea nr. probolopsis","TACH519",1
"Addaea pusilla","AGAT055",3
"Addaea pusilla","APAN124",2
"Addaea pusilla","BETH002",1
"Addaea pusilla","CHAL008",2
"Addaea pusilla","CHEL005",5
"Addaea pusilla","ICHN077",1
"Addaea pusilla","ICHN166",2
"Addaea pusilla","ICHN167",1
"Addaea pusilla","MICR034",1
"Addaea pusilla","MICR272",1
"Addaea pusilla","ORGI004",1
"Addaea pusilla","TACH247",1
"Addaea pusilla","TACH285",1
"Addaea pusilla","TACH364",1
"Addaea pusilla","TACH438",1
"Adoxophyes sp. AAA9592","CHEL028",1
"Adoxophyes sp. AAA9592","MICR187",1
"Adoxophyes sp. AAB5052","ORGI004",1
"Adoxophyes sp. AAB5052","TACH026",1
"Adoxophyes thoracica","CENT007",1
"Adoxophyes tripselia","CHEL001",1
"Adoxophyes tripselia","MICR237",1
"Agriophara sp. AAD4602","CHEL001",1
"Agrotera genuflexa","BETH002",1
"Agrotera genuflexa","CHEL001",1
"Agrotera genuflexa","CHOR074",1
"Agrotera genuflexa","MICR174",1
"Agrotera genuflexa","MICR184",1
"Agrotera genuflexa","MICR240",1
"Agrotera genuflexa","MICR240a",1
"Agrotera genuflexa","TACH366",1
"Agrotera ignepictoides","AGAT028",1
"Agrotera ignepictoides","APAN117",1
"Agrotera ignepictoides","CHEL001",1
"Agrotera ignepictoides","CHOR074",1
"Agrotera ignepictoides","ICHN076",1
"Agrotera ignepictoides","MICR037",1
"Agrotera ignepictoides","MICR184",1
"Agrotera ignepictoides","MICR240",1
"Agrotera ignepictoides","TACH411",1
"Agrotera nr. effertalis","AGAT028",1
"Agrotera nr. effertalis","CHEL026",1
"Agrotera nr. effertalis","CHOR074",2
"Agrotera nr. effertalis","MICR006",1
"Agrotera nr. effertalis","MICR069",1
"Agrotera nr. effertalis","MICR074",1
"Agrotera nr. effertalis","MICR240",1
"Agrotera nr. effertalis","ROGAb01",1
"Agrotera nr. effertalis","TACH032",1
"Albinospila sp. AAB0430","ICHN178",1
"Albinospila sp. AAB0430","TACH019",1
"Arctornis sp.1 SEM-2008 nr. intacta","APAN010",1
"Arctornis sp.1 SEM-2008 nr. intacta","APAN124",1
"Arctornis sp.1 SEM-2008 nr. intacta","ORGI030",1
"Arctornis sp.1 SEM-2008 nr. intacta","ROGA025",1
"Arctornis sp.1 SEM-2008 nr. intacta","TACH214",1
"Arctornis sp.1 SEM-2008 nr. intacta","TACH294",1
"Arctornis sp.1 SEM-2008 nr. intacta","TACH393",2
"Arctornis sp.1 SEM-2008 nr. intacta","TACH423",1
"Arctornis sp.1 SEM-2008 nr. intacta","TACH438",1
"Arctornis sp.2 SEM-2008 nr. intacta","ROGA022",1
"Arctornis sp.3 SEM-2008 nr. intacta","BETH002",1
"Arctornis sp.3 SEM-2008 nr. intacta","TACH393",2
"Asota caricae","CENT023",1
"Asota caricae","CHOR076",1
"Asota caricae","TACH010",2
"Asota caricae","TACH050",2
"Asota caricae","TACH079",3
"Asota caricae","TACH113",1
"Asota caricae","TACH142",1
"Asota caricae","TACH228",1
"Asota caricae","TACH230",1
"Asota caricae","TACH296",1
"Asota caricae","TACH438",1
"Asota caricae","TACH505",4
"Asota caricae","TACH516",1
"Asota eusemioides","TACH010",1
"Asota eusemioides","TACH079",1
"Asota eusemioides","TACH113",1
"Asota plana","ROGA032",1
"Asota plana","TACH010",2
"Asota plana","TACH079",1
"Asota plana","TACH296",1
"Asota plana","TACH505",2
"Brenthia JR39","CHAL013",1
"Brenthia JR39","MICR038a",2
"Brenthia JR39","MICR174",1
"Brenthia sp. AAC1202","MICR038",1
"Brenthia sp. AAC1202","MICR232",1
"Brenthia sp. AAC1206","HORM004",1
"Brenthia sp. AAC1206","MICR238",1
"Brenthia sp. AAF6821","APAN113",1
"Brenthia sp. AAF6821","MICR084",1
"Brenthia sp. AAI3833","AGAT049",1
"Brenthia sp. AAI3835","APAN010",1
"Brenthia sp. AAI3835","ICHN074",1
"Brenthia sp. AAL5584","MICR084",1
"Brenthia sp. JR22","AGAT054",1
"Brenthia sp. JR22","DOLI010",1
"Brenthia sp. JR22","GLYP049",1
"Brenthia sp. JR22","MICR031",1
"Brenthia sp. JR22","MICR084",1
"Brenthia sp. JR22","MICR170",1
"Brenthia sp. JR22","MICR243",1
"Brenthia sp. JR32","APAN010",1
"Brenthia sp. JR32","MICR038",2
"Brenthia sp. JR32","TACH233",1
"Brenthia sp. JR34","AGAT023",1
"Brenthia sp. JR34","APAN010",1
"Brenthia sp. JR34","APAN014",1
"Brenthia sp. JR34","APAN113",1
"Brenthia sp. JR34","HORM001",2
"Brenthia sp. JR34","MICR038",2
"Brenthia sp. JR34","MICR181",1
"Brenthia sp. JR34","MICR195",1
"Brenthia sp. JR34","MICR238",1
"Brenthia sp. JR37","AGAT023",2
"Brenthia sp. JR37","APAN010",2
"Brenthia sp. JR37","ICHN074",1
"Brenthia sp. JR37","MICR101",1
"Brenthia sp. JR37","MICR238",1
"Brenthia sp. JR37","MICR291",1
"Brenthia sp. JR54","AGAT023",1
"Brenthia sp. JR54","AGAT035",1
"Brenthia sp. JR54","AGAT049",1
"Brenthia sp. JR54","APAN010",1
"Brenthia sp. JR54","APAN013",2
"Brenthia sp. JR54","BETH002",1
"Brenthia sp. JR54","DOLI010",1
"Brenthia sp. JR54","HORM001",1
"Brenthia sp. JR54","HORM004",1
"Brenthia sp. JR54","ICHN074",1
"Brenthia sp. JR54","MICR014",2
"Brenthia sp. JR54","MICR038",4
"Brenthia sp. JR54","MICR174",1
"Brenthia sp. JR54","MICR180",1
"Brenthia sp. JR54","MICR181",1
"Brenthia sp. JR54","MICR182",1
"Brenthia sp. JR54","MICR232",1
"Brenthia sp. JR54","MICR238",2
"Brenthia sp. JR54","MICR239",1
"Brenthia sp. JR54","ROGA022",1
"Brenthia sp. JR54","TACH050",1
"Brenthia sp. JR62","AGAT049",1
"Brenthia sp. JR62","HORM001",1
"Brenthia sp. JR62","ICHN074",1
"Brenthia sp. JR62","MICR016",1
"Brenthia sp. JR62","MICR038",3
"Brenthia sp. JR62","MICR173",1
"Brenthia sp. JR62","TACH050",1
"Cangetta cf. rectilinea","AGAT087",1
"Chamaita sp. AAD7699","APAN010",1
"Chamaita sp. AAD7699","MICR011",1
"Chamaita sp. AAD7699","MICR028",1
"Chamaita sp. AAD7699","MICR101",1
"Chora huntei","TACH113",1
"Choreutis basalis","APAN010",2
"Choreutis basalis","BETH001",1
"Choreutis basalis","CHAL008",1
"Choreutis basalis","DOLI002",1
"Choreutis basalis","DOLI006",1
"Choreutis basalis","ICHN058",1
"Choreutis basalis","ICHN075",1
"Choreutis basalis","MICR014",6
"Choreutis basalis","MICR038",2
"Choreutis basalis","MICR174",1
"Choreutis basalis","MICR238",3
"Choreutis basalis","MICR289",1
"Choreutis basalis","TACH050",4
"Choreutis basalis","TACH227",2
"Choreutis cf. anthorma","AGAT023",1
"Choreutis cf. anthorma","APAN002",2
"Choreutis cf. anthorma","APAN010",2
"Choreutis cf. anthorma","BETH001",4
"Choreutis cf. anthorma","CHAL016",1
"Choreutis cf. anthorma","CHAL019",1
"Choreutis cf. anthorma","DOLI006",1
"Choreutis cf. anthorma","GLYP049",1
"Choreutis cf. anthorma","ICHN040",1
"Choreutis cf. anthorma","ICHN064",1
"Choreutis cf. anthorma","ICHN066",1
"Choreutis cf. anthorma","ICHN083",1
"Choreutis cf. anthorma","ICHN167",1
"Choreutis cf. anthorma","ICHN209",1
"Choreutis cf. anthorma","MICR014",7
"Choreutis cf. anthorma","MICR017",1
"Choreutis cf. anthorma","MICR019",1
"Choreutis cf. anthorma","MICR020",1
"Choreutis cf. anthorma","MICR021",1
"Choreutis cf. anthorma","MICR022",1
"Choreutis cf. anthorma","MICR023",1
"Choreutis cf. anthorma","MICR024",1
"Choreutis cf. anthorma","MICR025",1
"Choreutis cf. anthorma","MICR026",1
"Choreutis cf. anthorma","MICR038",2
"Choreutis cf. anthorma","MICR101",1
"Choreutis cf. anthorma","MICR174",2
"Choreutis cf. anthorma","MICR175",1
"Choreutis cf. anthorma","MICR176",1
"Choreutis cf. anthorma","MICR178",1
"Choreutis cf. anthorma","MICR234",1
"Choreutis cf. anthorma","MICR238",4
"Choreutis cf. anthorma","MICR243",1
"Choreutis cf. anthorma","MICR289",1
"Choreutis cf. anthorma","TACH050",7
"Choreutis cf. anthorma","TACH078",1
"Choreutis cf. anthorma","TACH079",1
"Choreutis cf. anthorma","TACH227",4
"Choreutis cf. anthorma","TACH244",1
"Choreutis cf. anthorma","TACH393",1
"Choreutis cf. anthorma","TACH405",1
"Choreutis cf. anthorma","TACH467",1
"Choreutis cf. anthorma","TACH505",1
"Choreutis cf. anthorma","TACH511",1
"Choreutis cf. anthorma","TACH513",1
"Choreutis chi","TACH050",1
"Choreutis lutescens","AGAT022",6
"Choreutis lutescens","APAN017",2
"Choreutis lutescens","BETH001",1
"Choreutis lutescens","CARD001",1
"Choreutis lutescens","CARD006",1
"Choreutis lutescens","CENT023",1
"Choreutis lutescens","DOLI023",1
"Choreutis lutescens","DOLI026",1
"Choreutis lutescens","ICHN071",1
"Choreutis lutescens","ICHN170",1
"Choreutis lutescens","MICR014",2
"Choreutis lutescens","MICR038",1
"Choreutis lutescens","MICR101",1
"Choreutis lutescens","MICR174",2
"Choreutis lutescens","MICR176",1
"Choreutis lutescens","MICR177",2
"Choreutis lutescens","MICR238",4
"Choreutis lutescens","TACH050",3
"Choreutis lutescens","TACH180",1
"Choreutis lutescens","TACH244",1
"Choreutis lutescens","TACH366",1
"Choreutis lutescens","TACH372",1
"Choreutis lutescens","TACH405",1
"Choreutis sp. JR06","MICR014",1
"Choreutis sp. JR06","MICR038",1
"Choreutis sp. JR09","APAN004",1
"Choreutis sp. JR09","TACH050",1
"Choreutis sp. JR2","APAN132",1
"Choreutis sp. JR5","BETH001",2
"Choreutis sp. JR5","MICR014",1
"Choreutis sp. JR5","MICR038",1
"Choreutis sp. JR5","MICR243",1
"Chrysocraspeda nr. inundata","MICR033",1
"Chrysocraspeda sp. AAB1427","TACH118",1
"Chrysocraspeda sp. AAC8547","ICHN186",1
"Cirrhochrista xanthographis","CHEL009",1
"Cirrhochrista xanthographis","ICHN166",1
"Cirrhochrista xanthographis","ORGI019",1
"Coelorhyncidia nitidalis","APAN103",1
"Coelorhyncidia nitidalis","BETH001",1
"Coelorhyncidia nitidalis","BETH005",2
"Coelorhyncidia nitidalis","CARD001",4
"Coelorhyncidia nitidalis","CARD006",2
"Coelorhyncidia nitidalis","CENT023",1
"Coelorhyncidia nitidalis","CHEL019",1
"Coelorhyncidia nitidalis","CHOR078",1
"Coelorhyncidia nitidalis","ICHN067",1
"Coelorhyncidia nitidalis","ICHN170",1
"Coelorhyncidia nitidalis","ICHN193",1
"Coelorhyncidia nitidalis","ICHN194",1
"Coelorhyncidia nitidalis","MICR172",1
"Coelorhyncidia nitidalis","MICR231",1
"Coelorhyncidia nitidalis","ORGI035",1
"Coelorhyncidia nitidalis","ROGA027",1
"Coelorhyncidia nitidalis","TACH001",3
"Coelorhyncidia nitidalis","TACH079",1
"Coelorhyncidia nitidalis","TACH366",2
"Coelorhyncidia nitidalis","TACH440",1
"Coelorhyncidia nitidalis","TACH516",1
"Copromorphidae sp. AAG0483","ORGI019",1
"Copromorphidae sp. AAG0483","TACH364",1
"Copromorphidae sp. AAG3732","MICR174",2
"Dichomeris n. sp. nr. ochreoviridella","APAN126",2
"Dichomeris n. sp. nr. ochreoviridella","APAN127",2
"Dichomeris n. sp. nr. ochreoviridella","BETH002",1
"Dichomeris n. sp. nr. ochreoviridella","CHAL008",1
"Dichomeris n. sp. nr. ochreoviridella","ICHN072",1
"Dichomeris n. sp. nr. ochreoviridella","MICR170",4
"Dichomeris n. sp. nr. ochreoviridella","MICR170a",3
"Dichomeris n. sp. nr. ochreoviridella","MICR174",1
"Dichomeris n. sp. nr. ochreoviridella","MICR187",1
"Dichomeris n. sp. nr. ochreoviridella","MICR238",1
"Dichomeris n. sp. nr. ochreoviridella","TACH142",1
"Dichomeris n. sp. nr. ochreoviridella","TACH285",4
"Dichomeris n. sp. nr. ochreoviridella","TACH294",1
"Dichomeris n. sp. nr. ochreoviridella","TACH438",2
"Dichomeris ochreoviridella","CENT012",1
"Dichomeris ochreoviridella","ICHN081",1
"Dichomeris ochreoviridella","MICR170",2
"Dichomeris ochreoviridella","ORGI004",1
"Dichomeris ochreoviridella","TACH142",1
"Dichomeris ochreoviridella","TACH285",3
"Dichomeris sp. AAB2697","TACH294",1
"Dichomeris sp. XXXX068","AGAT054",1
"Dichomeris sp. XXXX068","AGAT055",1
"Dichomeris sp. XXXX068","APAN010",1
"Dichomeris sp. XXXX068","APAN011",1
"Dichomeris sp. XXXX068","APAN132",2
"Dichomeris sp. XXXX068","BETH002",1
"Dichomeris sp. XXXX068","BETH004",1
"Dichomeris sp. XXXX068","CHEL005",1
"Dichomeris sp. XXXX068","ICHN063",1
"Dichomeris sp. XXXX068","MICR013",1
"Dichomeris sp. XXXX068","MICR031",2
"Dichomeris sp. XXXX068","MICR101",1
"Dichomeris sp. XXXX068","MICR103",1
"Dichomeris sp. XXXX068","MICR272",1
"Dichomeris sp. XXXX068","ORGI004",3
"Dichomeris sp. XXXX068","ORGI018",1
"Dichomeris sp. XXXX068","ORGI029",1
"Dichomeris sp. XXXX068","TACH014",1
"Dichomeris sp. XXXX068","TACH294",1
"Dichomeris sp. XXXX068","TACH393",1
"Dichomeris sp. XXXX120","MICR170",2
"Dichomeris sp. XXXX120","MICR170a",1
"Dichomeris sp. XXXX120","MICR171",1
"Dichomeris sp. XXXX120","TACH014",1
"Dichomeris sp. XXXX120","TACH393",1
"Dudua sp. AAB0663","CENT011",1
"Dudua sp. AAB0663","ICHN058",1
"Dudua sp. AAB0663","ICHN185",1
"Dudua sp. AAB0663","MICR237",1
"Dudua sp. AAB0663","MICR240",1
"Dudua sp. AAB0663","ROGAb01",1
"Euploea leucostictos","MICR240",1
"Gauna phaealis","ICHN017",1
"Gauna sp. AAF4890","ICHN082",1
"Geometridae sp.GEOM056","TACH134",1
"Glyphodes margaritaria","APAN002",2
"Glyphodes margaritaria","BETH001",1
"Glyphodes margaritaria","CHEL010",1
"Glyphodes margaritaria","CHEL033",1
"Glyphodes margaritaria","GLYP049",1
"Glyphodes margaritaria","ICHN065",1
"Glyphodes margaritaria","ICHN081",1
"Glyphodes margaritaria","MICR014",1
"Glyphodes margaritaria","MICR175",1
"Glyphodes margaritaria","MICR176",1
"Glyphodes margaritaria","MICR238",2
"Glyphodes margaritaria","MICR290",1
"Glyphodes margaritaria","ORGI034",4
"Glyphodes margaritaria","ORGI036",1
"Glyphodes margaritaria","ROGA004",5
"Glyphodes margaritaria","TACH040",2
"Glyphodes margaritaria","TACH050",1
"Glyphodes margaritaria","TACH227",1
"Glyphodes margaritaria","TACH405",1
"Glyphodes margaritaria","TACH511",3
"Homona mermerodes","TACH026",1
"Hyposidra incomptaria","MICR176",1
"Hyposidra talaca","DOLI026",1
"Idiophantis n. sp. AAB7063","MICR241",1
"Idiophantis n. sp. AAB7064","ICHN198",1
"Jodis albifusa","MICR013",1
"Jodis albifusa","ORGI002",1
"Jodis albifusa","TACH232",1
"Jodis albifusa","TACH238",1
"Jodis albifusa","TACH473",1
"Lactura rhodographa","TACH111",1
"Lambula sp. USNM5","CHAL003",1
"Limacodidae sp. LIMA007","BETH002",1
"Lista carniola","MICR187",1
"Lista carniola","TACH380",1
"Lymantriinae sp.LYMA045","ROGA017",1
"Macarostola sp. AAI1170","ORGI003",1
"Macarostola sp. AAI1170","ORGI017",2
"Macroglossum melas pullius","TACH001",1
"Macrothyma sanguinolenta","MICR187",1
"Mecistoptera n. sp. AAB6947","TACH478",1
"Mecistoptera sophiewagnerae","TACH134",1
"Meekiaria nigriscriptalis","CHOR078",1
"Meekiaria purpurea","AGAT001",1
"Meekiaria purpurea","AGAT052",1
"Meekiaria purpurea","AGAT076",1
"Meekiaria purpurea","APAN020",1
"Meekiaria purpurea","BETH005",1
"Meekiaria purpurea","CARD001",4
"Meekiaria purpurea","CARD006",2
"Meekiaria purpurea","CENT023",2
"Meekiaria purpurea","CHOR076",1
"Meekiaria purpurea","CHOR078",2
"Meekiaria purpurea","ICHN064",1
"Meekiaria purpurea","ICHN067",1
"Meekiaria purpurea","ICHN071",2
"Meekiaria purpurea","ICHN170",1
"Meekiaria purpurea","ICHN194",1
"Meekiaria purpurea","MICR010",1
"Meekiaria purpurea","MICR172",1
"Meekiaria purpurea","MICR231",1
"Meekiaria purpurea","ORGI002",1
"Meekiaria purpurea","ORGI034",1
"Meekiaria purpurea","ROGA027",1
"Meekiaria purpurea","TACH001",3
"Meekiaria purpurea","TACH079",1
"Meekiaria purpurea","TACH134",1
"Meekiaria purpurea","TACH405",1
"Meekiaria purpurea","TACH510",2
"Meekiaria sp. AAA3374","AGAT001",1
"Meekiaria sp. AAA3374","AGAT074",2
"Meekiaria sp. AAA3374","AGAT076",1
"Meekiaria sp. AAA3374","BETH005",1
"Meekiaria sp. AAA3374","CARD001",4
"Meekiaria sp. AAA3374","CARD006",3
"Meekiaria sp. AAA3374","CENT023",2
"Meekiaria sp. AAA3374","CHAL008",1
"Meekiaria sp. AAA3374","CHEL003",1
"Meekiaria sp. AAA3374","CHOR078",2
"Meekiaria sp. AAA3374","ICHN065",1
"Meekiaria sp. AAA3374","ICHN067",1
"Meekiaria sp. AAA3374","ICHN071",1
"Meekiaria sp. AAA3374","ICHN170",1
"Meekiaria sp. AAA3374","ICHN194",1
"Meekiaria sp. AAA3374","MICR172",2
"Meekiaria sp. AAA3374","MICR185",1
"Meekiaria sp. AAA3374","MICR231",1
"Meekiaria sp. AAA3374","ORGI020",2
"Meekiaria sp. AAA3374","ROGA027",1
"Meekiaria sp. AAA3374","ROGA030",1
"Meekiaria sp. AAA3374","TACH001",3
"Meekiaria sp. AAA3374","TACH134",1
"Meekiaria sp. AAA3374","TACH366",2
"Meekiaria sp. AAA3374","TACH510",2
"Meekiaria sp. AAA3375","APAN020",1
"Meekiaria sp. AAA3375","ICHN067",1
"Meekiaria sp. AAA3375","TACH001",1
"Meekiaria sp. AAA3376","TACH001",1
"Meekiaria sp. AAA3378","CARD001",1
"Meekiaria sp. AAA3378","CARD006",1
"Meekiaria sp. AAA3378","ICHN065",1
"Meekiaria sp. AAA3378","MICR231",1
"Meekiaria sp. AAA3379","BETH006",1
"Meekiaria sp. AAA3379","CARD001",1
"Meekiaria sp. AAA3379","CHEL010",1
"Meekiaria sp. AAA3379","CHOR078",1
"Meekiaria sp. AAA3379","ROGA025",1
"Meekiaria sp. AAA3379","TACH001",2
"Meekiaria sp. AAA3379","TACH365",1
"Meekiaria sp. AAA3380","ICHN193",1
"Meekiaria sp. AAA3380","TACH496",1
"Meekiaria sp. AAJ1732","ICHN067",1
"Meekiaria sp. CRAM151","TACH001",1
"Mellea hieroglyphica","BETH002",1
"Mellea hieroglyphica","CHEL005",1
"Mellea hieroglyphica","MICR272",1
"Mellea hieroglyphica","TACH227",1
"Mellea hieroglyphica","TACH296",1
"Mellea hieroglyphica","TACH393",1
"Mellea hieroglyphica","TACH438",1
"Mellea nitida","BETH002",5
"Mellea nitida","CHEL005",1
"Mellea nitida","MICR013",1
"Mellea nitida","MICR031",1
"Mellea nitida","MICR173",1
"Mellea nitida","MICR187",1
"Mellea nitida","MICR272",1
"Mellea nitida","TACH393",1
"Mellea nitida","TACH438",3
"Mellea ordinaria complex","AGAT010",1
"Mellea ordinaria complex","APAN132",1
"Mellea ordinaria complex","BETH002",5
"Mellea ordinaria complex","CHEL034",1
"Mellea ordinaria complex","ICHN065",1
"Mellea ordinaria complex","ICHN167",3
"Mellea ordinaria complex","ICHN168",1
"Mellea ordinaria complex","MICR013",1
"Mellea ordinaria complex","MICR014",2
"Mellea ordinaria complex","MICR272",1
"Mellea ordinaria complex","ORGI004",1
"Mellea ordinaria complex","TACH010",1
"Mellea ordinaria complex","TACH142",3
"Mellea ordinaria complex","TACH296",1
"Mellea ordinaria complex","TACH401",1
"Mellea ordinaria complex","TACH438",2
"Mellea ordinaria complex","TACH469",1
"Mellea ordinaria complex","TACH516",1
"Mellea ramifera","APAN010",2
"Mellea ramifera","BETH002",5
"Mellea ramifera","MICR170",1
"Mellea ramifera","MICR170b",1
"Mellea ramifera","MICR272",1
"Mellea ramifera","ORGI034b",1
"Mellea ramifera","TACH142",1
"Mellea ramifera","TACH285",1
"Mellea ramifera","TACH296",3
"Mellea ramifera","TACH438",4
"Mellea rectiviata","BETH002",1
"Mellea rectiviata","CHEL005",1
"Mellea rectiviata","TACH296",1
"Mellea rectiviata","TACH438",1
"Mellea sp. 1 nr. ordinaria","BETH002",1
"Mellea sp. 1 nr. ordinaria","ICHN073",1
"Mellea sp. 1 nr. ordinaria","MICR170",1
"Mellea sp. 1 nr. ordinaria","MICR170b",1
"Mellea sp. 1 nr. ordinaria","TACH438",3
"Mellea sp. AAA9701","BETH002",1
"Mellea sp. AAA9701","TACH142",1
"Mellea sp. AAA9701","TACH285",1
"Mellea sp. AAA9701","TACH438",3
"Mellea sp. AAI1456","BETH002",1
"Mellea sp. AAI1456","CENT023",1
"Mellea sp. AAI1456","CHOR076",1
"Mellea sp. AAI1456","ICHN064",1
"Mellea sp. AAI1456","ICHN065",1
"Mellea sp. AAI1456","ICHN167",2
"Mellea sp. AAI1456","TACH285",1
"Mellea sp. AAI1456","TACH296",1
"Mellea sp. AAI1456","TACH438",1
"Mellea sp. AAI1457","TACH438",1
"Mellea sp. AAI1458","BETH002",1
"Mellea sp. AAI1458","BETH004",1
"Mellea sp. AAI1458","MICR272",1
"Mellea sp. AAI1458","TACH079",1
"Mellea sp. AAI1458","TACH438",1
"Mellea sp. AAI1460","TACH438",1
"Mellea sp. AAI1461","ICHN187",1
"Moca congrualis","TACH157",1
"Moca congrualis","TACH295",1
"Nothomastix klossi","AGAT001",1
"Nycteola n. sp. AAB7439","TACH010",1
"Nycteola nr. pseudoindica","AGAT028",1
"Ophiorrhabda deceptor","AGAT083",1
"Ophiorrhabda deceptor","APAN006",1
"Ophiorrhabda deceptor","HORM002",1
"Ophiorrhabda deceptor","ICHN053",1
"Ophiorrhabda deceptor","ICHN058",1
"Ophiorrhabda deceptor","ICHN145",1
"Ophiorrhabda deceptor","MICR069",3
"Ophiorrhabda deceptor","MICR237",1
"Ophiorrhabda deceptor","MICR240",2
"Ophiorrhabda deceptor","MICR240a",1
"Ophyx crinipes","MICR184",1
"Ophyx crinipes","TACH020",3
"Ophyx crinipes","TACH438",1
"Orthaga nr. percnodes","AGAT083",1
"Orthaga nr. percnodes","CARD005",1
"Orthaga nr. percnodes","MICR037",1
"Orthaga nr. percnodes","MICR174",1
"Orthaga nr. percnodes","MICR240",1
"Orthaga nr. percnodes","TACH284",1
"Orvasca sp. AAD8421","ROGA007",1
"Paraphomia disjuncta","CHAL015",1
"Paraphomia disjuncta","ICHN068",3
"Paraphomia disjuncta","TACH284",1
"Paraphomia disjuncta","TACH426",2
"Paraphomia disjuncta","TACH505",1
"Pharambara splendida","BETH002",2
"Pharambara splendida","CHEL005",1
"Pharambara splendida","CHEL034",1
"Pharambara splendida","ICHN065",1
"Pharambara splendida","ICHN167",1
"Pharambara splendida","TACH285",1
"Pharambara splendida","TACH296",1
"Pharambara splendida","TACH438",4
"Pharambara splendida","TACH469",1
"Philiris helena","APAN127",1
"Philiris helena","ROGA022",4
"Philiris helena","ROGA033",1
"Philiris helena","ROGA034",1
"Philiris helena","TACH233",1
"Philiris helena","TACH294",8
"Philiris moira","ICHN051",1
"Philiris moira","ICHN202",1
"Philiris moira","MICR130",1
"Philiris moira","TACH233",4
"Philiris moira","TACH262",1
"Philiris sp. AAF6866","CHEL005",1
"Philiris sp. AAF6866","ICHN202",1
"Philiris sp. AAF6866","TACH294",1
"Philiris sp. AAF6866","TACH393",1
"Piletocera sp. AAG3027","ORGI019",1
"Piletocera sp. AAG3027","TACH364",1
"Piletocera sp. AAG3027","TACH396",1
"Pleuroptya nr. sabinusalis","ROGA004",1
"Pseudocera nr. trissosticha","AGAT028",2
"Pseudocera nr. trissosticha","TACH145",1
"Pseudocera sp. AAB1481","AGAT028",1
"Pyrophractis isotherma","TACH228",1
"Rhodoneura aurata","BETH002",1
"Rhodoneura aurata","CENT023",1
"Rhodoneura aurata","ICHN168",1
"Rhodoneura aurata","MICR170",1
"Rhodoneura aurata","MICR272",1
"Rhodoneura aurata","TACH142",1
"Rhodoneura aurata","TACH285",1
"Rhodoneura aurata","TACH438",3
"Rhodoneura aurata","TACH505",1
"Statherotis discana","ORGI022",1
"Talanga deliciosa","APAN002",4
"Talanga deliciosa","CHEL033",2
"Talanga deliciosa","ICHN049",1
"Talanga deliciosa","ICHN065",1
"Talanga deliciosa","MICR175",1
"Talanga deliciosa","MICR238",2
"Talanga deliciosa","ORGI001",2
"Talanga deliciosa","ORGI001a",1
"Talanga deliciosa","ORGI033",1
"Talanga deliciosa","ROGA004",1
"Talanga deliciosa","TACH050",2
"Talanga deliciosa","TACH405",1
"Talanga deliciosa","TACH511",1
"Talanga deliciosa","TACH513",1
"Talanga excelsalis","AGAT022",2
"Talanga excelsalis","BETH002",1
"Talanga excelsalis","CHAL008",1
"Talanga excelsalis","CHEL005",1
"Talanga excelsalis","CHEL009",1
"Talanga excelsalis","CHEL033",2
"Talanga excelsalis","DOLI026",1
"Talanga excelsalis","DOLI027",2
"Talanga excelsalis","DOLI036",1
"Talanga excelsalis","ICHN065",2
"Talanga excelsalis","ICHN071",2
"Talanga excelsalis","ICHN078",1
"Talanga excelsalis","ICHN159",1
"Talanga excelsalis","MICR088",1
"Talanga excelsalis","MICR174",1
"Talanga excelsalis","MICR176",3
"Talanga excelsalis","MICR238",5
"Talanga excelsalis","MICR243",1
"Talanga excelsalis","MICRb01",1
"Talanga excelsalis","ORGI001",1
"Talanga excelsalis","ORGI034",1
"Talanga excelsalis","ORGI034b",1
"Talanga excelsalis","ROGA025",3
"Talanga excelsalis","TACH040",4
"Talanga excelsalis","TACH296",1
"Talanga excelsalis","TACH405",3
"Talanga excelsalis","TACH428",2
"Talanga excelsalis","TACH438",1
"Talanga excelsalis","TACH506",2
"Talanga excelsalis","TACH522",1
"Talanga polyzonalis","APAN002",1
"Talanga polyzonalis","DOLI001",1
"Talanga polyzonalis","DOLI023",1
"Talanga sexpunctalis complex","CHEL033",1
"Talanga sexpunctalis complex","HORM006",1
"Talanga sexpunctalis complex","MICR014",1
"Talanga sexpunctalis complex","MICR174",1
"Talanga sexpunctalis complex","MICR234",1
"Talanga sexpunctalis complex","ROGA004",1
"Talanga sexpunctalis complex","TACH098",1
"Talanga sexpunctalis complex","TACH142",1
"Talanga sexpunctalis complex","TACH296",3
"Talanga sexpunctalis complex","TACH438",1
"Talanga sexpunctalis complex","TACH469",1
"Tamba kebea","BETH001",1
"Tamba kebea","CHOR074",1
"Tamba kebea","GLYP061",1
"Tamba kebea","ICHN081",1
"Tamba kebea","ICHN084",1
"Tamba kebea","ICHN160",1
"Tamba kebea","ICHN208",1
"Tamba kebea","MICR069",1
"Tamba kebea","MICR169",1
"Tamba kebea","MICR173",1
"Tamba kebea","TACH040",1
"Tamba kebea","TACH134",5
"Tamba kebea","TACH143",1
"Tamba kebea","TACH144",1
"Tamba kebea","TACH432",1
"Tamba kebea","TACH482",1
"Targalla palliatrix","TACH508",1
"Tipasa sp. AAI0377","TACH089",1
"Unadophanes trissomita","AGAT054",1
"Unadophanes trissomita","APAN015",1
"Unadophanes trissomita","MICR031",6
"Unadophanes trissomita","MICR103",1
"Unadophanes trissomita","MICR140",1
"Unadophanes trissomita","MICR173",1
"Unadophanes trissomita","MICR187",2
"Unadophanes trissomita","MICR243",1
"Unadophanes trissomita","MICR263",1
"Unadophanes trissomita","ORGI029",1
"Unadophanes trissomita","ROGA012",1
"Unadophanes trissomita","TACH014",2
"Unadophanes trissomita","TACH078",1
"Unadophanes trissomita","TACH368",1
"Xenolepis neoguineana","AGAT013",1
"Xenothictis gnetivora","ICHN198",2
"Xenothictis gnetivora","ORGI013",1
"Xenothictis gnetivora","TACH391",1
