"metric","group_1","group_2","W_statistic","p_value","significance"
"WN","Parasitoid-Caterpillar","Caterpillar-Plant",763,0,"***"
"WN","Parasitoid-Caterpillar","Caterpillar-Plant subsampled",728,0,"***"
"WN","Caterpillar-Plant","Caterpillar-Plant subsampled",299,0.1296,"ns"
"ST","Parasitoid-Caterpillar","Caterpillar-Plant",706,0,"***"
"ST","Parasitoid-Caterpillar","Caterpillar-Plant subsampled",607,4e-04,"***"
"ST","Caterpillar-Plant","Caterpillar-Plant subsampled",242,0.0143,"*"
"OS","Parasitoid-Caterpillar","Caterpillar-Plant",390,0.9804,"ns"
"OS","Parasitoid-Caterpillar","Caterpillar-Plant subsampled",528,0.0264,"*"
"OS","Caterpillar-Plant","Caterpillar-Plant subsampled",567,0.0042,"**"
